/**
 * Custom layout and logotypes go into this file.
 */
TRUNCATE TABLE `cscart_bm_block_statuses`;
TRUNCATE TABLE `cscart_bm_blocks`;
TRUNCATE TABLE `cscart_bm_blocks_content`;
TRUNCATE TABLE `cscart_bm_blocks_descriptions`;
TRUNCATE TABLE `cscart_bm_containers`;
TRUNCATE TABLE `cscart_bm_grids`;
TRUNCATE TABLE `cscart_bm_layouts`;
TRUNCATE TABLE `cscart_bm_locations`;
TRUNCATE TABLE `cscart_bm_locations_descriptions`;
TRUNCATE TABLE `cscart_bm_snapping`;
TRUNCATE TABLE `cscart_logos`;
TRUNCATE TABLE `cscart_menus`;
TRUNCATE TABLE `cscart_menus_descriptions`;

REPLACE INTO `cscart_bm_block_statuses` (`snapping_id`, `object_ids`, `object_type`) VALUES (155,'','categories');
REPLACE INTO `cscart_bm_block_statuses` (`snapping_id`, `object_ids`, `object_type`) VALUES (157,'25','pages');
REPLACE INTO `cscart_bm_block_statuses` (`snapping_id`, `object_ids`, `object_type`) VALUES (158,'26','pages');
REPLACE INTO `cscart_bm_block_statuses` (`snapping_id`, `object_ids`, `object_type`) VALUES (159,'27','pages');
REPLACE INTO `cscart_bm_block_statuses` (`snapping_id`, `object_ids`, `object_type`) VALUES (146,'','pages');

REPLACE INTO `cscart_bm_blocks` (`block_id`, `type`, `properties`, `company_id`) VALUES (1,'languages','a:4:{s:8:\"template\";s:20:\"blocks/languages.tpl\";s:4:\"text\";s:0:\"\";s:6:\"format\";s:4:\"icon\";s:14:\"dropdown_limit\";s:1:\"0\";}',0);
REPLACE INTO `cscart_bm_blocks` (`block_id`, `type`, `properties`, `company_id`) VALUES (2,'currencies','a:4:{s:8:\"template\";s:21:\"blocks/currencies.tpl\";s:4:\"text\";s:0:\"\";s:6:\"format\";s:6:\"symbol\";s:14:\"dropdown_limit\";s:1:\"3\";}',0);
REPLACE INTO `cscart_bm_blocks` (`block_id`, `type`, `properties`, `company_id`) VALUES (3,'menu','a:2:{s:8:\"template\";s:26:\"blocks/menu/text_links.tpl\";s:18:\"show_items_in_line\";s:1:\"Y\";}',0);
REPLACE INTO `cscart_bm_blocks` (`block_id`, `type`, `properties`, `company_id`) VALUES (4,'my_account','a:1:{s:8:\"template\";s:21:\"blocks/my_account.tpl\";}',0);
REPLACE INTO `cscart_bm_blocks` (`block_id`, `type`, `properties`, `company_id`) VALUES (5,'template','a:1:{s:8:\"template\";s:32:\"blocks/static_templates/logo.tpl\";}',0);
REPLACE INTO `cscart_bm_blocks` (`block_id`, `type`, `properties`, `company_id`) VALUES (6,'smarty_block','a:1:{s:8:\"template\";s:23:\"blocks/smarty_block.tpl\";}',0);
REPLACE INTO `cscart_bm_blocks` (`block_id`, `type`, `properties`, `company_id`) VALUES (7,'template','a:1:{s:8:\"template\";s:34:\"blocks/static_templates/search.tpl\";}',0);
REPLACE INTO `cscart_bm_blocks` (`block_id`, `type`, `properties`, `company_id`) VALUES (8,'cart_content','a:5:{s:8:\"template\";s:23:\"blocks/cart_content.tpl\";s:22:\"display_bottom_buttons\";s:1:\"Y\";s:20:\"display_delete_icons\";s:1:\"Y\";s:19:\"products_links_type\";s:5:\"thumb\";s:20:\"generate_block_title\";s:1:\"Y\";}',0);
REPLACE INTO `cscart_bm_blocks` (`block_id`, `type`, `properties`, `company_id`) VALUES (9,'menu','a:3:{s:8:\"template\";s:35:\"blocks/menu/dropdown_horizontal.tpl\";s:30:\"dropdown_second_level_elements\";s:2:\"12\";s:29:\"dropdown_third_level_elements\";s:1:\"6\";}',0);
REPLACE INTO `cscart_bm_blocks` (`block_id`, `type`, `properties`, `company_id`) VALUES (10,'breadcrumbs','a:1:{s:8:\"template\";s:22:\"common/breadcrumbs.tpl\";}',0);
REPLACE INTO `cscart_bm_blocks` (`block_id`, `type`, `properties`, `company_id`) VALUES (11,'main','',0);
REPLACE INTO `cscart_bm_blocks` (`block_id`, `type`, `properties`, `company_id`) VALUES (12,'template','a:1:{s:8:\"template\";s:65:\"addons/newsletters/blocks/static_templates/subscribe_advanced.tpl\";}',0);
REPLACE INTO `cscart_bm_blocks` (`block_id`, `type`, `properties`, `company_id`) VALUES (13,'smarty_block','a:1:{s:8:\"template\";s:23:\"blocks/smarty_block.tpl\";}',0);
REPLACE INTO `cscart_bm_blocks` (`block_id`, `type`, `properties`, `company_id`) VALUES (14,'template','a:1:{s:8:\"template\";s:53:\"blocks/static_templates/my_account_links_advanced.tpl\";}',0);
REPLACE INTO `cscart_bm_blocks` (`block_id`, `type`, `properties`, `company_id`) VALUES (15,'menu','a:2:{s:8:\"template\";s:26:\"blocks/menu/text_links.tpl\";s:18:\"show_items_in_line\";s:1:\"N\";}',0);
REPLACE INTO `cscart_bm_blocks` (`block_id`, `type`, `properties`, `company_id`) VALUES (16,'menu','a:2:{s:8:\"template\";s:26:\"blocks/menu/text_links.tpl\";s:18:\"show_items_in_line\";s:1:\"N\";}',0);
REPLACE INTO `cscart_bm_blocks` (`block_id`, `type`, `properties`, `company_id`) VALUES (17,'smarty_block','a:1:{s:8:\"template\";s:23:\"blocks/smarty_block.tpl\";}',0);
REPLACE INTO `cscart_bm_blocks` (`block_id`, `type`, `properties`, `company_id`) VALUES (18,'template','a:1:{s:8:\"template\";s:37:\"blocks/static_templates/copyright.tpl\";}',0);
REPLACE INTO `cscart_bm_blocks` (`block_id`, `type`, `properties`, `company_id`) VALUES (19,'template','a:1:{s:8:\"template\";s:41:\"blocks/static_templates/payment_icons.tpl\";}',0);
REPLACE INTO `cscart_bm_blocks` (`block_id`, `type`, `properties`, `company_id`) VALUES (20,'banners','a:3:{s:8:\"template\";s:34:\"addons/banners/blocks/carousel.tpl\";s:10:\"navigation\";s:1:\"P\";s:5:\"delay\";s:1:\"5\";}',0);
REPLACE INTO `cscart_bm_blocks` (`block_id`, `type`, `properties`, `company_id`) VALUES (21,'banners','a:1:{s:8:\"template\";s:34:\"addons/banners/blocks/original.tpl\";}',0);
REPLACE INTO `cscart_bm_blocks` (`block_id`, `type`, `properties`, `company_id`) VALUES (22,'banners','a:1:{s:8:\"template\";s:34:\"addons/banners/blocks/original.tpl\";}',0);
REPLACE INTO `cscart_bm_blocks` (`block_id`, `type`, `properties`, `company_id`) VALUES (23,'vendors','a:2:{s:8:\"template\";s:25:\"blocks/companies_list.tpl\";s:17:\"displayed_vendors\";s:2:\"10\";}',0);
REPLACE INTO `cscart_bm_blocks` (`block_id`, `type`, `properties`, `company_id`) VALUES (24,'products','a:11:{s:8:\"template\";s:37:\"blocks/products/products_scroller.tpl\";s:10:\"show_price\";s:1:\"N\";s:17:\"enable_quick_view\";s:1:\"N\";s:24:\"not_scroll_automatically\";s:1:\"Y\";s:15:\"scroll_per_page\";s:1:\"Y\";s:5:\"speed\";s:3:\"400\";s:11:\"pause_delay\";s:1:\"3\";s:13:\"item_quantity\";s:1:\"3\";s:15:\"thumbnail_width\";s:3:\"400\";s:18:\"outside_navigation\";s:1:\"Y\";s:23:\"hide_add_to_cart_button\";s:1:\"Y\";}',0);
REPLACE INTO `cscart_bm_blocks` (`block_id`, `type`, `properties`, `company_id`) VALUES (25,'products','a:4:{s:8:\"template\";s:41:\"blocks/products/products_multicolumns.tpl\";s:11:\"item_number\";s:1:\"N\";s:17:\"number_of_columns\";s:1:\"5\";s:23:\"hide_add_to_cart_button\";s:1:\"Y\";}',0);
REPLACE INTO `cscart_bm_blocks` (`block_id`, `type`, `properties`, `company_id`) VALUES (26,'blog','a:1:{s:8:\"template\";s:33:\"addons/blog/blocks/text_links.tpl\";}',0);
REPLACE INTO `cscart_bm_blocks` (`block_id`, `type`, `properties`, `company_id`) VALUES (27,'testimonials','a:8:{s:8:\"template\";s:41:\"addons/discussion/blocks/testimonials.tpl\";s:5:\"limit\";s:1:\"2\";s:6:\"random\";s:1:\"N\";s:24:\"not_scroll_automatically\";s:1:\"N\";s:5:\"speed\";s:3:\"400\";s:11:\"pause_delay\";s:1:\"3\";s:13:\"item_quantity\";s:1:\"2\";s:18:\"outside_navigation\";s:1:\"Y\";}',0);
REPLACE INTO `cscart_bm_blocks` (`block_id`, `type`, `properties`, `company_id`) VALUES (28,'our_brands','a:8:{s:8:\"template\";s:21:\"blocks/our_brands.tpl\";s:24:\"not_scroll_automatically\";s:1:\"Y\";s:5:\"speed\";s:3:\"400\";s:15:\"scroll_per_page\";s:1:\"Y\";s:11:\"pause_delay\";s:1:\"3\";s:13:\"item_quantity\";s:1:\"7\";s:15:\"thumbnail_width\";s:2:\"75\";s:18:\"outside_navigation\";s:1:\"N\";}',0);
REPLACE INTO `cscart_bm_blocks` (`block_id`, `type`, `properties`, `company_id`) VALUES (29,'smarty_block','a:1:{s:8:\"template\";s:23:\"blocks/smarty_block.tpl\";}',0);
REPLACE INTO `cscart_bm_blocks` (`block_id`, `type`, `properties`, `company_id`) VALUES (30,'products','a:4:{s:8:\"template\";s:41:\"blocks/products/products_multicolumns.tpl\";s:11:\"item_number\";s:1:\"N\";s:17:\"number_of_columns\";s:1:\"2\";s:23:\"hide_add_to_cart_button\";s:1:\"Y\";}',0);
REPLACE INTO `cscart_bm_blocks` (`block_id`, `type`, `properties`, `company_id`) VALUES (31,'products','a:2:{s:8:\"template\";s:30:\"blocks/products/short_list.tpl\";s:23:\"hide_add_to_cart_button\";s:1:\"Y\";}',0);
REPLACE INTO `cscart_bm_blocks` (`block_id`, `type`, `properties`, `company_id`) VALUES (32,'product_filters','a:1:{s:8:\"template\";s:35:\"blocks/product_filters/original.tpl\";}',0);
REPLACE INTO `cscart_bm_blocks` (`block_id`, `type`, `properties`, `company_id`) VALUES (33,'products','a:3:{s:8:\"template\";s:40:\"blocks/products/products_small_items.tpl\";s:11:\"item_number\";s:1:\"N\";s:23:\"hide_add_to_cart_button\";s:1:\"Y\";}',0);
REPLACE INTO `cscart_bm_blocks` (`block_id`, `type`, `properties`, `company_id`) VALUES (34,'checkout','a:1:{s:8:\"template\";s:27:\"blocks/checkout/summary.tpl\";}',0);
REPLACE INTO `cscart_bm_blocks` (`block_id`, `type`, `properties`, `company_id`) VALUES (35,'checkout','a:1:{s:8:\"template\";s:36:\"blocks/checkout/products_in_cart.tpl\";}',0);
REPLACE INTO `cscart_bm_blocks` (`block_id`, `type`, `properties`, `company_id`) VALUES (36,'checkout','a:1:{s:8:\"template\";s:30:\"blocks/checkout/order_info.tpl\";}',0);
REPLACE INTO `cscart_bm_blocks` (`block_id`, `type`, `properties`, `company_id`) VALUES (37,'template','a:1:{s:8:\"template\";s:37:\"blocks/static_templates/auth_info.tpl\";}',0);
REPLACE INTO `cscart_bm_blocks` (`block_id`, `type`, `properties`, `company_id`) VALUES (38,'template','a:1:{s:8:\"template\";s:40:\"blocks/static_templates/profile_info.tpl\";}',0);
REPLACE INTO `cscart_bm_blocks` (`block_id`, `type`, `properties`, `company_id`) VALUES (39,'smarty_block','a:1:{s:8:\"template\";s:23:\"blocks/smarty_block.tpl\";}',0);
REPLACE INTO `cscart_bm_blocks` (`block_id`, `type`, `properties`, `company_id`) VALUES (40,'vendor_logo','a:1:{s:8:\"template\";s:30:\"blocks/vendors/vendor_logo.tpl\";}',0);
REPLACE INTO `cscart_bm_blocks` (`block_id`, `type`, `properties`, `company_id`) VALUES (41,'vendor_search','a:1:{s:8:\"template\";s:32:\"blocks/vendors/vendor_search.tpl\";}',0);
REPLACE INTO `cscart_bm_blocks` (`block_id`, `type`, `properties`, `company_id`) VALUES (42,'vendor_information','a:1:{s:8:\"template\";s:37:\"blocks/vendors/vendor_information.tpl\";}',0);
REPLACE INTO `cscart_bm_blocks` (`block_id`, `type`, `properties`, `company_id`) VALUES (43,'product_filters','a:1:{s:8:\"template\";s:43:\"blocks/product_filters/selected_filters.tpl\";}',0);
REPLACE INTO `cscart_bm_blocks` (`block_id`, `type`, `properties`, `company_id`) VALUES (44,'vendor_categories','a:2:{s:8:\"template\";s:50:\"blocks/categories/categories_dropdown_vertical.tpl\";s:25:\"right_to_left_orientation\";s:1:\"N\";}',0);
REPLACE INTO `cscart_bm_blocks` (`block_id`, `type`, `properties`, `company_id`) VALUES (45,'product_filters','a:1:{s:8:\"template\";s:35:\"blocks/product_filters/original.tpl\";}',0);
REPLACE INTO `cscart_bm_blocks` (`block_id`, `type`, `properties`, `company_id`) VALUES (46,'html_block','a:1:{s:8:\"template\";s:21:\"blocks/html_block.tpl\";}',0);
REPLACE INTO `cscart_bm_blocks` (`block_id`, `type`, `properties`, `company_id`) VALUES (47,'template','a:1:{s:8:\"template\";s:31:\"blocks/static_templates/404.tpl\";}',0);
REPLACE INTO `cscart_bm_blocks` (`block_id`, `type`, `properties`, `company_id`) VALUES (48,'product_filters','a:1:{s:8:\"template\";s:45:\"blocks/product_filters/horizontal_filters.tpl\";}',0);
REPLACE INTO `cscart_bm_blocks` (`block_id`, `type`, `properties`, `company_id`) VALUES (49,'blog','a:1:{s:8:\"template\";s:35:\"addons/blog/blocks/recent_posts.tpl\";}',0);
REPLACE INTO `cscart_bm_blocks` (`block_id`, `type`, `properties`, `company_id`) VALUES (50,'languages','a:4:{s:8:\"template\";s:20:\"blocks/languages.tpl\";s:4:\"text\";s:0:\"\";s:6:\"format\";s:4:\"name\";s:14:\"dropdown_limit\";s:1:\"0\";}',0);
REPLACE INTO `cscart_bm_blocks` (`block_id`, `type`, `properties`, `company_id`) VALUES (51,'cart_content','a:4:{s:8:\"template\";s:23:\"blocks/cart_content.tpl\";s:22:\"display_bottom_buttons\";s:1:\"Y\";s:20:\"display_delete_icons\";s:1:\"Y\";s:19:\"products_links_type\";s:5:\"thumb\";}',0);
REPLACE INTO `cscart_bm_blocks` (`block_id`, `type`, `properties`, `company_id`) VALUES (52,'categories','a:3:{s:8:\"template\";s:52:\"blocks/categories/categories_dropdown_horizontal.tpl\";s:30:\"dropdown_second_level_elements\";s:2:\"12\";s:29:\"dropdown_third_level_elements\";s:1:\"6\";}',0);
REPLACE INTO `cscart_bm_blocks` (`block_id`, `type`, `properties`, `company_id`) VALUES (53,'products','a:3:{s:8:\"template\";s:40:\"blocks/products/products_small_items.tpl\";s:11:\"item_number\";s:1:\"N\";s:23:\"hide_add_to_cart_button\";s:1:\"Y\";}',0);
REPLACE INTO `cscart_bm_blocks` (`block_id`, `type`, `properties`, `company_id`) VALUES (58,'products','a:4:{s:8:\"template\";s:41:\"blocks/products/products_multicolumns.tpl\";s:11:\"item_number\";s:1:\"N\";s:17:\"number_of_columns\";s:1:\"3\";s:23:\"hide_add_to_cart_button\";s:1:\"Y\";}',0);
REPLACE INTO `cscart_bm_blocks` (`block_id`, `type`, `properties`, `company_id`) VALUES (54,'products','a:4:{s:8:\"template\";s:41:\"blocks/products/products_multicolumns.tpl\";s:11:\"item_number\";s:1:\"N\";s:17:\"number_of_columns\";s:1:\"4\";s:23:\"hide_add_to_cart_button\";s:1:\"Y\";}',0);
REPLACE INTO `cscart_bm_blocks` (`block_id`, `type`, `properties`, `company_id`) VALUES (55,'smarty_block','a:1:{s:8:\"template\";s:23:\"blocks/smarty_block.tpl\";}',0);
REPLACE INTO `cscart_bm_blocks` (`block_id`, `type`, `properties`, `company_id`) VALUES (56,'gift_certificates_verify','a:1:{s:8:\"template\";s:60:\"addons/gift_certificates/blocks/gift_certificates_verify.tpl\";}',0);
REPLACE INTO `cscart_bm_blocks` (`block_id`, `type`, `properties`, `company_id`) VALUES (57,'products','a:4:{s:8:\"template\";s:41:\"blocks/products/products_multicolumns.tpl\";s:11:\"item_number\";s:1:\"N\";s:17:\"number_of_columns\";s:1:\"3\";s:23:\"hide_add_to_cart_button\";s:1:\"Y\";}',0);
REPLACE INTO `cscart_bm_blocks` (`block_id`, `type`, `properties`, `company_id`) VALUES (59,'banners','a:1:{s:8:\"template\";s:34:\"addons/banners/blocks/original.tpl\";}',0);
REPLACE INTO `cscart_bm_blocks` (`block_id`, `type`, `properties`, `company_id`) VALUES (60,'our_brands','a:8:{s:8:\"template\";s:21:\"blocks/our_brands.tpl\";s:24:\"not_scroll_automatically\";s:1:\"Y\";s:15:\"scroll_per_page\";s:1:\"N\";s:5:\"speed\";s:3:\"400\";s:11:\"pause_delay\";s:4:\"1000\";s:13:\"item_quantity\";s:1:\"5\";s:15:\"thumbnail_width\";s:3:\"100\";s:18:\"outside_navigation\";s:1:\"Y\";}',0);
REPLACE INTO `cscart_bm_blocks` (`block_id`, `type`, `properties`, `company_id`) VALUES (61,'paypal_adaptive','a:1:{s:8:\"template\";s:41:\"addons/paypal_adaptive/blocks/summary.tpl\";}',0);
REPLACE INTO `cscart_bm_blocks` (`block_id`, `type`, `properties`, `company_id`) VALUES (62,'paypal_adaptive','a:1:{s:8:\"template\";s:44:\"addons/paypal_adaptive/blocks/order_info.tpl\";}',0);

REPLACE INTO `cscart_bm_blocks_content` (`snapping_id`, `object_id`, `object_type`, `block_id`, `lang_code`, `content`) VALUES (0,0,'',1,'en','');
REPLACE INTO `cscart_bm_blocks_content` (`snapping_id`, `object_id`, `object_type`, `block_id`, `lang_code`, `content`) VALUES (0,0,'',2,'en','');
REPLACE INTO `cscart_bm_blocks_content` (`snapping_id`, `object_id`, `object_type`, `block_id`, `lang_code`, `content`) VALUES (0,0,'',3,'en','a:1:{s:4:\"menu\";s:1:\"1\";}');
REPLACE INTO `cscart_bm_blocks_content` (`snapping_id`, `object_id`, `object_type`, `block_id`, `lang_code`, `content`) VALUES (0,0,'',3,'ru','a:1:{s:4:\"menu\";s:1:\"1\";}');
REPLACE INTO `cscart_bm_blocks_content` (`snapping_id`, `object_id`, `object_type`, `block_id`, `lang_code`, `content`) VALUES (0,0,'',4,'en','');
REPLACE INTO `cscart_bm_blocks_content` (`snapping_id`, `object_id`, `object_type`, `block_id`, `lang_code`, `content`) VALUES (0,0,'',5,'en','');
REPLACE INTO `cscart_bm_blocks_content` (`snapping_id`, `object_id`, `object_type`, `block_id`, `lang_code`, `content`) VALUES (0,0,'',6,'en','a:1:{s:7:\"content\";s:241:\"{if $addons.call_requests.status == \"A\"}\n<div class=\"ty-cr-phone-number-link\">\n    <div class=\"ty-cr-phone\">{call_phone}  <span class=\"ty-cr-work\">Mon-Fr 10a.m.-6p.m.</span></div>\n    <div class=\"ty-cr-link\">{call_request}</div>\n</div>\n{/if}\";}');
REPLACE INTO `cscart_bm_blocks_content` (`snapping_id`, `object_id`, `object_type`, `block_id`, `lang_code`, `content`) VALUES (0,0,'',6,'ru','a:1:{s:7:\"content\";s:251:\"{if $addons.call_requests.status == \"A\"}\n<div class=\"ty-cr-phone-number-link\">\n    <div class=\"ty-cr-phone\">{call_phone}  <span class=\"ty-cr-work\">Пн-Пт с 10.00 до 18.00</span></div>\n    <div class=\"ty-cr-link\">{call_request}</div>\n</div>\n{/if}\";}');
REPLACE INTO `cscart_bm_blocks_content` (`snapping_id`, `object_id`, `object_type`, `block_id`, `lang_code`, `content`) VALUES (0,0,'',7,'en','');
REPLACE INTO `cscart_bm_blocks_content` (`snapping_id`, `object_id`, `object_type`, `block_id`, `lang_code`, `content`) VALUES (0,0,'',8,'en','');
REPLACE INTO `cscart_bm_blocks_content` (`snapping_id`, `object_id`, `object_type`, `block_id`, `lang_code`, `content`) VALUES (0,0,'',9,'en','a:1:{s:4:\"menu\";s:1:\"2\";}');
REPLACE INTO `cscart_bm_blocks_content` (`snapping_id`, `object_id`, `object_type`, `block_id`, `lang_code`, `content`) VALUES (0,0,'',9,'ru','a:1:{s:4:\"menu\";s:1:\"2\";}');
REPLACE INTO `cscart_bm_blocks_content` (`snapping_id`, `object_id`, `object_type`, `block_id`, `lang_code`, `content`) VALUES (0,0,'',10,'en','');
REPLACE INTO `cscart_bm_blocks_content` (`snapping_id`, `object_id`, `object_type`, `block_id`, `lang_code`, `content`) VALUES (0,0,'',11,'en','');
REPLACE INTO `cscart_bm_blocks_content` (`snapping_id`, `object_id`, `object_type`, `block_id`, `lang_code`, `content`) VALUES (0,0,'',12,'en','');
REPLACE INTO `cscart_bm_blocks_content` (`snapping_id`, `object_id`, `object_type`, `block_id`, `lang_code`, `content`) VALUES (0,0,'',13,'en','a:1:{s:7:\"content\";s:412:\"<div class=\"ty-social-link-block\"><h3 class=\"ty-social-link__title\">{__(\"get_social\")}</h3>\n\n<div class=\"ty-social-link facebook\">\n    <a href=\"http://www.facebook.com/pages/CS-Cart/156687676230\"><i class=\"ty-icon-facebook ty-icon-moon-facebook\"></i></a>\n</div>\n\n\n<div class=\"ty-social-link twitter\">\n    <a href=\"https://twitter.com/cscart\"><i class=\"ty-icon-twitter ty-icon-moon-twitter\"></i></a>\n</div></div>\n\";}');
REPLACE INTO `cscart_bm_blocks_content` (`snapping_id`, `object_id`, `object_type`, `block_id`, `lang_code`, `content`) VALUES (0,0,'',13,'ru','a:1:{s:7:\"content\";s:412:\"<div class=\"ty-social-link-block\"><h3 class=\"ty-social-link__title\">{__(\"get_social\")}</h3>\n\n<div class=\"ty-social-link facebook\">\n    <a href=\"http://www.facebook.com/pages/CS-Cart/156687676230\"><i class=\"ty-icon-facebook ty-icon-moon-facebook\"></i></a>\n</div>\n\n\n<div class=\"ty-social-link twitter\">\n    <a href=\"https://twitter.com/cscart\"><i class=\"ty-icon-twitter ty-icon-moon-twitter\"></i></a>\n</div></div>\n\";}');
REPLACE INTO `cscart_bm_blocks_content` (`snapping_id`, `object_id`, `object_type`, `block_id`, `lang_code`, `content`) VALUES (0,0,'',14,'en','');
REPLACE INTO `cscart_bm_blocks_content` (`snapping_id`, `object_id`, `object_type`, `block_id`, `lang_code`, `content`) VALUES (0,0,'',15,'en','a:1:{s:4:\"menu\";s:1:\"3\";}');
REPLACE INTO `cscart_bm_blocks_content` (`snapping_id`, `object_id`, `object_type`, `block_id`, `lang_code`, `content`) VALUES (0,0,'',15,'ru','a:1:{s:4:\"menu\";s:1:\"3\";}');
REPLACE INTO `cscart_bm_blocks_content` (`snapping_id`, `object_id`, `object_type`, `block_id`, `lang_code`, `content`) VALUES (0,0,'',16,'en','a:1:{s:4:\"menu\";s:1:\"4\";}');
REPLACE INTO `cscart_bm_blocks_content` (`snapping_id`, `object_id`, `object_type`, `block_id`, `lang_code`, `content`) VALUES (0,0,'',16,'ru','a:1:{s:4:\"menu\";s:1:\"4\";}');
REPLACE INTO `cscart_bm_blocks_content` (`snapping_id`, `object_id`, `object_type`, `block_id`, `lang_code`, `content`) VALUES (0,0,'',17,'en','a:1:{s:7:\"content\";s:382:\"<ul>\r\n    <li>3993 Hanover Street<br/>New York, NY 10016\r\n</li>\r\n    <li>+1 917-722-7425 (call is free)</li>\r\n    <li>10 am — 6 pm<br/>\r\nMonday - Friday</li>\r\n    <li><a class=\"ty-exception__links-a greeny\" href=\"mailto:sales@example.com\">sales@example.com</a></li>\r\n\r\n    <li><a href=\"{\"pages.view?page_id=20\"|fn_url}\" class=\"ty-exception__links-a\">Contacts</a></li>\r\n\r\n</ul>\r\n\r\n\";}');
REPLACE INTO `cscart_bm_blocks_content` (`snapping_id`, `object_id`, `object_type`, `block_id`, `lang_code`, `content`) VALUES (0,0,'',17,'ru','a:1:{s:7:\"content\";s:391:\"<ul>\n    <li>3993 Hanover Street<br/>New York, NY 10016</li>\n    <li>+1 917-722-7425 (звонок бесплатный)</li>\n    <li>Пн-Пт 10.00 - 18.00</li>\n    <li><a class=\"ty-exception__links-a greeny\" href=\"mailto:sales@example.com\">sales@example.com</a></li>\n\n    <li><a href=\"{\"pages.view?page_id=20\"|fn_url}\" class=\"ty-exception__links-a\">О компании</a></li>\n\n</ul>\n\n\n\n\";}');
REPLACE INTO `cscart_bm_blocks_content` (`snapping_id`, `object_id`, `object_type`, `block_id`, `lang_code`, `content`) VALUES (0,0,'',18,'en','');
REPLACE INTO `cscart_bm_blocks_content` (`snapping_id`, `object_id`, `object_type`, `block_id`, `lang_code`, `content`) VALUES (0,0,'',19,'en','');
REPLACE INTO `cscart_bm_blocks_content` (`snapping_id`, `object_id`, `object_type`, `block_id`, `lang_code`, `content`) VALUES (0,0,'',20,'en','a:1:{s:5:\"items\";a:2:{s:7:\"filling\";s:8:\"manually\";s:8:\"item_ids\";s:11:\"20,21,22,23\";}}');
REPLACE INTO `cscart_bm_blocks_content` (`snapping_id`, `object_id`, `object_type`, `block_id`, `lang_code`, `content`) VALUES (0,0,'',20,'ru','a:1:{s:5:\"items\";a:4:{s:7:\"filling\";s:6:\"newest\";s:6:\"period\";s:1:\"A\";s:9:\"last_days\";s:1:\"1\";s:5:\"limit\";s:1:\"4\";}}');
REPLACE INTO `cscart_bm_blocks_content` (`snapping_id`, `object_id`, `object_type`, `block_id`, `lang_code`, `content`) VALUES (0,0,'',21,'en','a:1:{s:5:\"items\";a:2:{s:7:\"filling\";s:8:\"manually\";s:8:\"item_ids\";s:1:\"6\";}}');
REPLACE INTO `cscart_bm_blocks_content` (`snapping_id`, `object_id`, `object_type`, `block_id`, `lang_code`, `content`) VALUES (0,0,'',21,'ru','a:1:{s:5:\"items\";a:2:{s:7:\"filling\";s:8:\"manually\";s:8:\"item_ids\";s:1:\"6\";}}');
REPLACE INTO `cscart_bm_blocks_content` (`snapping_id`, `object_id`, `object_type`, `block_id`, `lang_code`, `content`) VALUES (0,0,'',22,'en','a:1:{s:5:\"items\";a:2:{s:7:\"filling\";s:8:\"manually\";s:8:\"item_ids\";s:1:\"9\";}}');
REPLACE INTO `cscart_bm_blocks_content` (`snapping_id`, `object_id`, `object_type`, `block_id`, `lang_code`, `content`) VALUES (0,0,'',22,'ru','a:1:{s:5:\"items\";a:2:{s:7:\"filling\";s:8:\"manually\";s:8:\"item_ids\";s:1:\"9\";}}');
REPLACE INTO `cscart_bm_blocks_content` (`snapping_id`, `object_id`, `object_type`, `block_id`, `lang_code`, `content`) VALUES (0,0,'',23,'en','a:1:{s:5:\"items\";a:1:{s:7:\"filling\";s:3:\"all\";}}');
REPLACE INTO `cscart_bm_blocks_content` (`snapping_id`, `object_id`, `object_type`, `block_id`, `lang_code`, `content`) VALUES (0,0,'',23,'ru','a:1:{s:5:\"items\";a:1:{s:7:\"filling\";s:3:\"all\";}}');
REPLACE INTO `cscart_bm_blocks_content` (`snapping_id`, `object_id`, `object_type`, `block_id`, `lang_code`, `content`) VALUES (0,0,'',24,'en','a:1:{s:5:\"items\";a:2:{s:7:\"filling\";s:8:\"manually\";s:8:\"item_ids\";s:14:\"5765,5766,5764\";}}');
REPLACE INTO `cscart_bm_blocks_content` (`snapping_id`, `object_id`, `object_type`, `block_id`, `lang_code`, `content`) VALUES (0,0,'',24,'ru','a:1:{s:5:\"items\";a:4:{s:7:\"filling\";s:6:\"newest\";s:6:\"period\";s:1:\"A\";s:9:\"last_days\";s:2:\"10\";s:5:\"limit\";s:1:\"6\";}}');
REPLACE INTO `cscart_bm_blocks_content` (`snapping_id`, `object_id`, `object_type`, `block_id`, `lang_code`, `content`) VALUES (0,0,'',25,'en','a:1:{s:5:\"items\";a:2:{s:7:\"filling\";s:8:\"manually\";s:8:\"item_ids\";s:46:\"472,765,3765,2278,1677,1438,4507,4471,4437,890\";}}');
REPLACE INTO `cscart_bm_blocks_content` (`snapping_id`, `object_id`, `object_type`, `block_id`, `lang_code`, `content`) VALUES (0,0,'',25,'ru','a:1:{s:5:\"items\";a:3:{s:7:\"filling\";s:7:\"on_sale\";s:5:\"limit\";s:1:\"8\";s:3:\"cid\";s:0:\"\";}}');
REPLACE INTO `cscart_bm_blocks_content` (`snapping_id`, `object_id`, `object_type`, `block_id`, `lang_code`, `content`) VALUES (0,0,'',26,'en','a:1:{s:5:\"items\";a:3:{s:7:\"filling\";s:15:\"blog.text_links\";s:14:\"parent_page_id\";s:0:\"\";s:5:\"limit\";s:1:\"5\";}}');
REPLACE INTO `cscart_bm_blocks_content` (`snapping_id`, `object_id`, `object_type`, `block_id`, `lang_code`, `content`) VALUES (0,0,'',26,'ru','a:1:{s:5:\"items\";a:3:{s:7:\"filling\";s:15:\"blog.text_links\";s:14:\"parent_page_id\";s:0:\"\";s:5:\"limit\";s:1:\"5\";}}');
REPLACE INTO `cscart_bm_blocks_content` (`snapping_id`, `object_id`, `object_type`, `block_id`, `lang_code`, `content`) VALUES (0,0,'',27,'en','');
REPLACE INTO `cscart_bm_blocks_content` (`snapping_id`, `object_id`, `object_type`, `block_id`, `lang_code`, `content`) VALUES (0,0,'',28,'en','');
REPLACE INTO `cscart_bm_blocks_content` (`snapping_id`, `object_id`, `object_type`, `block_id`, `lang_code`, `content`) VALUES (0,0,'',29,'en','a:1:{s:7:\"content\";s:1128:\"<div class=\"ty-benefits-guarantees clearfix\">\n<ul class=\"ty-benefits-guarantees__list\">\n    <li class=\"ty-benefits-guarantees__item\">\n        <a class=\"ty-benefits-guarantees__a\" href=\"{\"pages.view?page_id=6\"|fn_url}\">\n        <i class=\"ty-benefits-guarantees__icon ty-benefits-low-price\"></i>\n        <h4 class=\"ty-benefits-guarantees__title\"><strong>Low price</strong> Guarantee</h4>\n        </a>\n    </li>\n    <li class=\"ty-benefits-guarantees__item\">\n        <a class=\"ty-benefits-guarantees__a\" href=\"{\"pages.view?page_id=5\"|fn_url}\">\n        <i class=\"ty-benefits-guarantees__icon ty-benefits-free-shipping\"></i>\n        <h4 class=\"ty-benefits-guarantees__title\"><strong>Free</strong> shipping</h4>\n        <p class=\"ty-benefits-guarantees__txt\">Orders $19 and up.</p>\n        </a>\n    </li>\n    <li class=\"ty-benefits-guarantees__item\">\n        <a class=\"ty-benefits-guarantees__a\" href=\"{\"pages.view?page_id=4\"|fn_url}\">\n        <i class=\"ty-benefits-guarantees__icon ty-benefits-free-returns\"></i>\n        <h4 class=\"ty-benefits-guarantees__title\"><strong>Free</strong> returns</h4>\n        </a>\n    </li>\n</ul>\n\n</div>\";}');
REPLACE INTO `cscart_bm_blocks_content` (`snapping_id`, `object_id`, `object_type`, `block_id`, `lang_code`, `content`) VALUES (0,0,'',29,'ru','a:1:{s:7:\"content\";s:1128:\"<div class=\"ty-benefits-guarantees clearfix\">\n<ul class=\"ty-benefits-guarantees__list\">\n    <li class=\"ty-benefits-guarantees__item\">\n        <a class=\"ty-benefits-guarantees__a\" href=\"{\"pages.view?page_id=6\"|fn_url}\">\n        <i class=\"ty-benefits-guarantees__icon ty-benefits-low-price\"></i>\n        <h4 class=\"ty-benefits-guarantees__title\"><strong>Low price</strong> Guarantee</h4>\n        </a>\n    </li>\n    <li class=\"ty-benefits-guarantees__item\">\n        <a class=\"ty-benefits-guarantees__a\" href=\"{\"pages.view?page_id=5\"|fn_url}\">\n        <i class=\"ty-benefits-guarantees__icon ty-benefits-free-shipping\"></i>\n        <h4 class=\"ty-benefits-guarantees__title\"><strong>Free</strong> shipping</h4>\n        <p class=\"ty-benefits-guarantees__txt\">Orders $19 and up.</p>\n        </a>\n    </li>\n    <li class=\"ty-benefits-guarantees__item\">\n        <a class=\"ty-benefits-guarantees__a\" href=\"{\"pages.view?page_id=4\"|fn_url}\">\n        <i class=\"ty-benefits-guarantees__icon ty-benefits-free-returns\"></i>\n        <h4 class=\"ty-benefits-guarantees__title\"><strong>Free</strong> returns</h4>\n        </a>\n    </li>\n</ul>\n\n</div>\";}');
REPLACE INTO `cscart_bm_blocks_content` (`snapping_id`, `object_id`, `object_type`, `block_id`, `lang_code`, `content`) VALUES (0,0,'',30,'en','a:1:{s:5:\"items\";a:6:{s:7:\"filling\";s:7:\"similar\";s:5:\"limit\";s:1:\"4\";s:13:\"percent_range\";s:0:\"\";s:16:\"similar_category\";s:1:\"Y\";s:15:\"similar_subcats\";s:1:\"Y\";s:16:\"similar_in_stock\";s:1:\"Y\";}}');
REPLACE INTO `cscart_bm_blocks_content` (`snapping_id`, `object_id`, `object_type`, `block_id`, `lang_code`, `content`) VALUES (0,0,'',30,'ru','a:1:{s:5:\"items\";a:6:{s:7:\"filling\";s:7:\"similar\";s:5:\"limit\";s:1:\"4\";s:13:\"percent_range\";s:0:\"\";s:16:\"similar_category\";s:1:\"Y\";s:15:\"similar_subcats\";s:1:\"Y\";s:16:\"similar_in_stock\";s:1:\"Y\";}}');
REPLACE INTO `cscart_bm_blocks_content` (`snapping_id`, `object_id`, `object_type`, `block_id`, `lang_code`, `content`) VALUES (0,0,'',31,'en','a:1:{s:5:\"items\";a:6:{s:7:\"filling\";s:7:\"similar\";s:5:\"limit\";s:1:\"3\";s:13:\"percent_range\";s:1:\"5\";s:16:\"similar_category\";s:1:\"N\";s:15:\"similar_subcats\";s:1:\"N\";s:16:\"similar_in_stock\";s:1:\"N\";}}');
REPLACE INTO `cscart_bm_blocks_content` (`snapping_id`, `object_id`, `object_type`, `block_id`, `lang_code`, `content`) VALUES (0,0,'',31,'ru','a:1:{s:5:\"items\";a:6:{s:7:\"filling\";s:7:\"similar\";s:5:\"limit\";s:1:\"3\";s:13:\"percent_range\";s:1:\"5\";s:16:\"similar_category\";s:1:\"N\";s:15:\"similar_subcats\";s:1:\"N\";s:16:\"similar_in_stock\";s:1:\"N\";}}');
REPLACE INTO `cscart_bm_blocks_content` (`snapping_id`, `object_id`, `object_type`, `block_id`, `lang_code`, `content`) VALUES (0,0,'',32,'en','a:1:{s:5:\"items\";a:1:{s:7:\"filling\";s:8:\"manually\";}}');
REPLACE INTO `cscart_bm_blocks_content` (`snapping_id`, `object_id`, `object_type`, `block_id`, `lang_code`, `content`) VALUES (0,0,'',32,'ru','a:1:{s:5:\"items\";a:1:{s:7:\"filling\";s:8:\"manually\";}}');
REPLACE INTO `cscart_bm_blocks_content` (`snapping_id`, `object_id`, `object_type`, `block_id`, `lang_code`, `content`) VALUES (0,0,'',33,'en','a:1:{s:5:\"items\";a:2:{s:7:\"filling\";s:15:\"recent_products\";s:5:\"limit\";s:1:\"3\";}}');
REPLACE INTO `cscart_bm_blocks_content` (`snapping_id`, `object_id`, `object_type`, `block_id`, `lang_code`, `content`) VALUES (0,0,'',33,'ru','a:1:{s:5:\"items\";a:2:{s:7:\"filling\";s:15:\"recent_products\";s:5:\"limit\";s:1:\"3\";}}');
REPLACE INTO `cscart_bm_blocks_content` (`snapping_id`, `object_id`, `object_type`, `block_id`, `lang_code`, `content`) VALUES (0,0,'',34,'en','');
REPLACE INTO `cscart_bm_blocks_content` (`snapping_id`, `object_id`, `object_type`, `block_id`, `lang_code`, `content`) VALUES (0,0,'',35,'en','');
REPLACE INTO `cscart_bm_blocks_content` (`snapping_id`, `object_id`, `object_type`, `block_id`, `lang_code`, `content`) VALUES (0,0,'',36,'en','');
REPLACE INTO `cscart_bm_blocks_content` (`snapping_id`, `object_id`, `object_type`, `block_id`, `lang_code`, `content`) VALUES (0,0,'',37,'en','');
REPLACE INTO `cscart_bm_blocks_content` (`snapping_id`, `object_id`, `object_type`, `block_id`, `lang_code`, `content`) VALUES (0,0,'',38,'en','');
REPLACE INTO `cscart_bm_blocks_content` (`snapping_id`, `object_id`, `object_type`, `block_id`, `lang_code`, `content`) VALUES (0,0,'',39,'en','a:1:{s:7:\"content\";s:24:\"<h2> {__(\"stores\")}</h2>\";}');
REPLACE INTO `cscart_bm_blocks_content` (`snapping_id`, `object_id`, `object_type`, `block_id`, `lang_code`, `content`) VALUES (0,0,'',39,'ru','a:1:{s:7:\"content\";s:24:\"<h2> {__(\"stores\")}</h2>\";}');
REPLACE INTO `cscart_bm_blocks_content` (`snapping_id`, `object_id`, `object_type`, `block_id`, `lang_code`, `content`) VALUES (0,0,'',40,'en','');
REPLACE INTO `cscart_bm_blocks_content` (`snapping_id`, `object_id`, `object_type`, `block_id`, `lang_code`, `content`) VALUES (0,0,'',41,'en','');
REPLACE INTO `cscart_bm_blocks_content` (`snapping_id`, `object_id`, `object_type`, `block_id`, `lang_code`, `content`) VALUES (0,0,'',42,'en','');
REPLACE INTO `cscart_bm_blocks_content` (`snapping_id`, `object_id`, `object_type`, `block_id`, `lang_code`, `content`) VALUES (0,0,'',43,'en','a:1:{s:5:\"items\";a:1:{s:7:\"filling\";s:8:\"manually\";}}');
REPLACE INTO `cscart_bm_blocks_content` (`snapping_id`, `object_id`, `object_type`, `block_id`, `lang_code`, `content`) VALUES (0,0,'',43,'ru','a:1:{s:5:\"items\";a:1:{s:7:\"filling\";s:8:\"manually\";}}');
REPLACE INTO `cscart_bm_blocks_content` (`snapping_id`, `object_id`, `object_type`, `block_id`, `lang_code`, `content`) VALUES (0,0,'',44,'en','a:1:{s:5:\"items\";a:3:{s:7:\"filling\";s:13:\"full_tree_cat\";s:18:\"parent_category_id\";s:0:\"\";s:7:\"sort_by\";s:8:\"position\";}}');
REPLACE INTO `cscart_bm_blocks_content` (`snapping_id`, `object_id`, `object_type`, `block_id`, `lang_code`, `content`) VALUES (0,0,'',44,'ru','a:1:{s:5:\"items\";a:3:{s:7:\"filling\";s:13:\"full_tree_cat\";s:18:\"parent_category_id\";s:0:\"\";s:7:\"sort_by\";s:8:\"position\";}}');
REPLACE INTO `cscart_bm_blocks_content` (`snapping_id`, `object_id`, `object_type`, `block_id`, `lang_code`, `content`) VALUES (0,0,'',45,'en','a:1:{s:5:\"items\";a:1:{s:7:\"filling\";s:8:\"manually\";}}');
REPLACE INTO `cscart_bm_blocks_content` (`snapping_id`, `object_id`, `object_type`, `block_id`, `lang_code`, `content`) VALUES (0,0,'',45,'ru','a:1:{s:5:\"items\";a:1:{s:7:\"filling\";s:8:\"manually\";}}');
REPLACE INTO `cscart_bm_blocks_content` (`snapping_id`, `object_id`, `object_type`, `block_id`, `lang_code`, `content`) VALUES (0,0,'',46,'en','a:1:{s:7:\"content\";s:206:\"<div class=\"ty-company-info\">\n<h4>Become a vendor</h4>\n<ul>\n<li>Access your personal administrator area</li>\n<li>Use the common storefront to sell your goods</li>\n<li>Get your profit share</li>\n</ul>\n</div>\";}');
REPLACE INTO `cscart_bm_blocks_content` (`snapping_id`, `object_id`, `object_type`, `block_id`, `lang_code`, `content`) VALUES (0,0,'',46,'ru','a:1:{s:7:\"content\";s:351:\"<div class=\"ty-company-info\">\n<h4>Cтаньте вендором</h4>\n<ul>\n<li>Получите доступ к личной панели администратора</li>\n<li>Используйте общую витрину для продажи своих товаров</li>\n<li>Получайте свою долю прибыли</li>\n</ul>\n</div>\";}');
REPLACE INTO `cscart_bm_blocks_content` (`snapping_id`, `object_id`, `object_type`, `block_id`, `lang_code`, `content`) VALUES (0,0,'',47,'en','');
REPLACE INTO `cscart_bm_blocks_content` (`snapping_id`, `object_id`, `object_type`, `block_id`, `lang_code`, `content`) VALUES (0,0,'',48,'en','a:1:{s:5:\"items\";a:1:{s:7:\"filling\";s:8:\"manually\";}}');
REPLACE INTO `cscart_bm_blocks_content` (`snapping_id`, `object_id`, `object_type`, `block_id`, `lang_code`, `content`) VALUES (0,0,'',48,'ru','a:1:{s:5:\"items\";a:1:{s:7:\"filling\";s:8:\"manually\";}}');
REPLACE INTO `cscart_bm_blocks_content` (`snapping_id`, `object_id`, `object_type`, `block_id`, `lang_code`, `content`) VALUES (0,0,'',49,'en','a:1:{s:5:\"items\";a:4:{s:7:\"filling\";s:17:\"blog.recent_posts\";s:6:\"period\";s:1:\"A\";s:9:\"last_days\";s:1:\"1\";s:5:\"limit\";s:1:\"3\";}}');
REPLACE INTO `cscart_bm_blocks_content` (`snapping_id`, `object_id`, `object_type`, `block_id`, `lang_code`, `content`) VALUES (0,0,'',49,'ru','a:1:{s:5:\"items\";a:4:{s:7:\"filling\";s:17:\"blog.recent_posts\";s:6:\"period\";s:1:\"A\";s:9:\"last_days\";s:1:\"1\";s:5:\"limit\";s:1:\"3\";}}');
REPLACE INTO `cscart_bm_blocks_content` (`snapping_id`, `object_id`, `object_type`, `block_id`, `lang_code`, `content`) VALUES (0,0,'',50,'en','');
REPLACE INTO `cscart_bm_blocks_content` (`snapping_id`, `object_id`, `object_type`, `block_id`, `lang_code`, `content`) VALUES (0,0,'',51,'en','');
REPLACE INTO `cscart_bm_blocks_content` (`snapping_id`, `object_id`, `object_type`, `block_id`, `lang_code`, `content`) VALUES (0,0,'',52,'en','a:1:{s:5:\"items\";a:2:{s:7:\"filling\";s:13:\"full_tree_cat\";s:17:\"parent_element_id\";s:1:\"0\";}}');
REPLACE INTO `cscart_bm_blocks_content` (`snapping_id`, `object_id`, `object_type`, `block_id`, `lang_code`, `content`) VALUES (0,0,'',52,'ru','a:1:{s:5:\"items\";a:2:{s:7:\"filling\";s:13:\"full_tree_cat\";s:17:\"parent_element_id\";s:1:\"0\";}}');
REPLACE INTO `cscart_bm_blocks_content` (`snapping_id`, `object_id`, `object_type`, `block_id`, `lang_code`, `content`) VALUES (0,0,'',53,'en','a:1:{s:5:\"items\";a:2:{s:7:\"filling\";s:8:\"manually\";s:8:\"item_ids\";s:14:\"5765,5764,5766\";}}');
REPLACE INTO `cscart_bm_blocks_content` (`snapping_id`, `object_id`, `object_type`, `block_id`, `lang_code`, `content`) VALUES (0,0,'',53,'ru','a:1:{s:5:\"items\";a:5:{s:7:\"filling\";s:6:\"newest\";s:6:\"period\";s:1:\"A\";s:9:\"last_days\";s:1:\"1\";s:5:\"limit\";s:1:\"6\";s:3:\"cid\";s:0:\"\";}}');
REPLACE INTO `cscart_bm_blocks_content` (`snapping_id`, `object_id`, `object_type`, `block_id`, `lang_code`, `content`) VALUES (0,0,'',54,'en','a:1:{s:5:\"items\";a:3:{s:7:\"filling\";s:7:\"on_sale\";s:5:\"limit\";s:1:\"8\";s:3:\"cid\";s:0:\"\";}}');
REPLACE INTO `cscart_bm_blocks_content` (`snapping_id`, `object_id`, `object_type`, `block_id`, `lang_code`, `content`) VALUES (0,0,'',54,'ru','a:1:{s:5:\"items\";a:3:{s:7:\"filling\";s:7:\"on_sale\";s:5:\"limit\";s:1:\"8\";s:3:\"cid\";s:0:\"\";}}');
REPLACE INTO `cscart_bm_blocks_content` (`snapping_id`, `object_id`, `object_type`, `block_id`, `lang_code`, `content`) VALUES (0,0,'',55,'en','a:1:{s:7:\"content\";s:1128:\"<div class=\"ty-benefits-guarantees clearfix\">\n<ul class=\"ty-benefits-guarantees__list\">\n    <li class=\"ty-benefits-guarantees__item\">\n        <a class=\"ty-benefits-guarantees__a\" href=\"{\"pages.view?page_id=6\"|fn_url}\">\n        <i class=\"ty-benefits-guarantees__icon ty-benefits-low-price\"></i>\n        <h4 class=\"ty-benefits-guarantees__title\"><strong>Low price</strong> Guarantee</h4>\n        </a>\n    </li>\n    <li class=\"ty-benefits-guarantees__item\">\n        <a class=\"ty-benefits-guarantees__a\" href=\"{\"pages.view?page_id=5\"|fn_url}\">\n        <i class=\"ty-benefits-guarantees__icon ty-benefits-free-shipping\"></i>\n        <h4 class=\"ty-benefits-guarantees__title\"><strong>Free</strong> shipping</h4>\n        <p class=\"ty-benefits-guarantees__txt\">Orders $19 and up.</p>\n        </a>\n    </li>\n    <li class=\"ty-benefits-guarantees__item\">\n        <a class=\"ty-benefits-guarantees__a\" href=\"{\"pages.view?page_id=4\"|fn_url}\">\n        <i class=\"ty-benefits-guarantees__icon ty-benefits-free-returns\"></i>\n        <h4 class=\"ty-benefits-guarantees__title\"><strong>Free</strong> returns</h4>\n        </a>\n    </li>\n</ul>\n\n</div>\";}');
REPLACE INTO `cscart_bm_blocks_content` (`snapping_id`, `object_id`, `object_type`, `block_id`, `lang_code`, `content`) VALUES (0,0,'',55,'ru','a:1:{s:7:\"content\";s:1128:\"<div class=\"ty-benefits-guarantees clearfix\">\n<ul class=\"ty-benefits-guarantees__list\">\n    <li class=\"ty-benefits-guarantees__item\">\n        <a class=\"ty-benefits-guarantees__a\" href=\"{\"pages.view?page_id=6\"|fn_url}\">\n        <i class=\"ty-benefits-guarantees__icon ty-benefits-low-price\"></i>\n        <h4 class=\"ty-benefits-guarantees__title\"><strong>Low price</strong> Guarantee</h4>\n        </a>\n    </li>\n    <li class=\"ty-benefits-guarantees__item\">\n        <a class=\"ty-benefits-guarantees__a\" href=\"{\"pages.view?page_id=5\"|fn_url}\">\n        <i class=\"ty-benefits-guarantees__icon ty-benefits-free-shipping\"></i>\n        <h4 class=\"ty-benefits-guarantees__title\"><strong>Free</strong> shipping</h4>\n        <p class=\"ty-benefits-guarantees__txt\">Orders $19 and up.</p>\n        </a>\n    </li>\n    <li class=\"ty-benefits-guarantees__item\">\n        <a class=\"ty-benefits-guarantees__a\" href=\"{\"pages.view?page_id=4\"|fn_url}\">\n        <i class=\"ty-benefits-guarantees__icon ty-benefits-free-returns\"></i>\n        <h4 class=\"ty-benefits-guarantees__title\"><strong>Free</strong> returns</h4>\n        </a>\n    </li>\n</ul>\n\n</div>\";}');
REPLACE INTO `cscart_bm_blocks_content` (`snapping_id`, `object_id`, `object_type`, `block_id`, `lang_code`, `content`) VALUES (0,0,'',56,'en','');
REPLACE INTO `cscart_bm_blocks_content` (`snapping_id`, `object_id`, `object_type`, `block_id`, `lang_code`, `content`) VALUES (0,0,'',57,'en','a:1:{s:5:\"items\";a:2:{s:7:\"filling\";s:8:\"manually\";s:8:\"item_ids\";s:211:\"162,227,204,207,212,214,215,217,218,219,222,223,233,199,236,238,246,247,248,258,262,264,266,271,274,203,198,163,174,164,165,166,167,168,169,170,171,172,173,175,196,176,177,178,179,180,182,184,186,189,194,195,276\";}}');
REPLACE INTO `cscart_bm_blocks_content` (`snapping_id`, `object_id`, `object_type`, `block_id`, `lang_code`, `content`) VALUES (0,0,'',58,'en','a:1:{s:5:\"items\";a:2:{s:7:\"filling\";s:8:\"manually\";s:8:\"item_ids\";s:39:\"5193,5194,5195,5196,5197,5198,5199,5200\";}}');
REPLACE INTO `cscart_bm_blocks_content` (`snapping_id`, `object_id`, `object_type`, `block_id`, `lang_code`, `content`) VALUES (0,0,'',59,'en','a:1:{s:5:\"items\";a:2:{s:7:\"filling\";s:8:\"manually\";s:8:\"item_ids\";s:2:\"24\";}}');
REPLACE INTO `cscart_bm_blocks_content` (`snapping_id`, `object_id`, `object_type`, `block_id`, `lang_code`, `content`) VALUES (0,0,'',60,'en','');
REPLACE INTO `cscart_bm_blocks_content` (`snapping_id`, `object_id`, `object_type`, `block_id`, `lang_code`, `content`) VALUES (0,28,'pages',49,'en','a:1:{s:5:\"items\";a:4:{s:7:\"filling\";s:17:\"blog.recent_posts\";s:6:\"period\";s:1:\"A\";s:9:\"last_days\";s:1:\"1\";s:5:\"limit\";s:1:\"5\";}}');
REPLACE INTO `cscart_bm_blocks_content` (`snapping_id`, `object_id`, `object_type`, `block_id`, `lang_code`, `content`) VALUES (0,0,'',61,'en','');
REPLACE INTO `cscart_bm_blocks_content` (`snapping_id`, `object_id`, `object_type`, `block_id`, `lang_code`, `content`) VALUES (0,0,'',62,'en','');

REPLACE INTO `cscart_bm_blocks_descriptions` (`block_id`, `lang_code`, `name`) VALUES (1,'en','Languages');
REPLACE INTO `cscart_bm_blocks_descriptions` (`block_id`, `lang_code`, `name`) VALUES (2,'en','Currencies');
REPLACE INTO `cscart_bm_blocks_descriptions` (`block_id`, `lang_code`, `name`) VALUES (3,'en','Quick links');
REPLACE INTO `cscart_bm_blocks_descriptions` (`block_id`, `lang_code`, `name`) VALUES (4,'en','My Account');
REPLACE INTO `cscart_bm_blocks_descriptions` (`block_id`, `lang_code`, `name`) VALUES (5,'en','Logo');
REPLACE INTO `cscart_bm_blocks_descriptions` (`block_id`, `lang_code`, `name`) VALUES (6,'en','Call requests');
REPLACE INTO `cscart_bm_blocks_descriptions` (`block_id`, `lang_code`, `name`) VALUES (7,'en','Search');
REPLACE INTO `cscart_bm_blocks_descriptions` (`block_id`, `lang_code`, `name`) VALUES (8,'en','Cart content');
REPLACE INTO `cscart_bm_blocks_descriptions` (`block_id`, `lang_code`, `name`) VALUES (9,'en','Main menu');
REPLACE INTO `cscart_bm_blocks_descriptions` (`block_id`, `lang_code`, `name`) VALUES (10,'en','Breadcrumbs');
REPLACE INTO `cscart_bm_blocks_descriptions` (`block_id`, `lang_code`, `name`) VALUES (11,'en','Main Content');
REPLACE INTO `cscart_bm_blocks_descriptions` (`block_id`, `lang_code`, `name`) VALUES (12,'en','Subscribe');
REPLACE INTO `cscart_bm_blocks_descriptions` (`block_id`, `lang_code`, `name`) VALUES (13,'en','Social links');
REPLACE INTO `cscart_bm_blocks_descriptions` (`block_id`, `lang_code`, `name`) VALUES (14,'en','My account');
REPLACE INTO `cscart_bm_blocks_descriptions` (`block_id`, `lang_code`, `name`) VALUES (15,'en','Demo Marketplace');
REPLACE INTO `cscart_bm_blocks_descriptions` (`block_id`, `lang_code`, `name`) VALUES (16,'en','Customer service');
REPLACE INTO `cscart_bm_blocks_descriptions` (`block_id`, `lang_code`, `name`) VALUES (17,'en','Contacts');
REPLACE INTO `cscart_bm_blocks_descriptions` (`block_id`, `lang_code`, `name`) VALUES (18,'en','Copyright');
REPLACE INTO `cscart_bm_blocks_descriptions` (`block_id`, `lang_code`, `name`) VALUES (19,'en','Payment icons');
REPLACE INTO `cscart_bm_blocks_descriptions` (`block_id`, `lang_code`, `name`) VALUES (20,'en','Main banners');
REPLACE INTO `cscart_bm_blocks_descriptions` (`block_id`, `lang_code`, `name`) VALUES (21,'en','Free shipping');
REPLACE INTO `cscart_bm_blocks_descriptions` (`block_id`, `lang_code`, `name`) VALUES (22,'en','Discount for pickup');
REPLACE INTO `cscart_bm_blocks_descriptions` (`block_id`, `lang_code`, `name`) VALUES (23,'en','Vendors');
REPLACE INTO `cscart_bm_blocks_descriptions` (`block_id`, `lang_code`, `name`) VALUES (24,'en','Bestsellers');
REPLACE INTO `cscart_bm_blocks_descriptions` (`block_id`, `lang_code`, `name`) VALUES (25,'en','Sale');
REPLACE INTO `cscart_bm_blocks_descriptions` (`block_id`, `lang_code`, `name`) VALUES (26,'en','Blog');
REPLACE INTO `cscart_bm_blocks_descriptions` (`block_id`, `lang_code`, `name`) VALUES (27,'en','Reviews');
REPLACE INTO `cscart_bm_blocks_descriptions` (`block_id`, `lang_code`, `name`) VALUES (28,'en','Brands');
REPLACE INTO `cscart_bm_blocks_descriptions` (`block_id`, `lang_code`, `name`) VALUES (29,'en','Guarantees and benefits');
REPLACE INTO `cscart_bm_blocks_descriptions` (`block_id`, `lang_code`, `name`) VALUES (30,'en','Similar products');
REPLACE INTO `cscart_bm_blocks_descriptions` (`block_id`, `lang_code`, `name`) VALUES (31,'en','At the same price!');
REPLACE INTO `cscart_bm_blocks_descriptions` (`block_id`, `lang_code`, `name`) VALUES (32,'en','Product filters');
REPLACE INTO `cscart_bm_blocks_descriptions` (`block_id`, `lang_code`, `name`) VALUES (33,'en','Recently Viewed');
REPLACE INTO `cscart_bm_blocks_descriptions` (`block_id`, `lang_code`, `name`) VALUES (34,'en','Order summary');
REPLACE INTO `cscart_bm_blocks_descriptions` (`block_id`, `lang_code`, `name`) VALUES (35,'en','Products in your order');
REPLACE INTO `cscart_bm_blocks_descriptions` (`block_id`, `lang_code`, `name`) VALUES (36,'en','Order information');
REPLACE INTO `cscart_bm_blocks_descriptions` (`block_id`, `lang_code`, `name`) VALUES (37,'en','Auth information');
REPLACE INTO `cscart_bm_blocks_descriptions` (`block_id`, `lang_code`, `name`) VALUES (38,'en','Profile information');
REPLACE INTO `cscart_bm_blocks_descriptions` (`block_id`, `lang_code`, `name`) VALUES (39,'en','Stores');
REPLACE INTO `cscart_bm_blocks_descriptions` (`block_id`, `lang_code`, `name`) VALUES (40,'en','Vendor logo');
REPLACE INTO `cscart_bm_blocks_descriptions` (`block_id`, `lang_code`, `name`) VALUES (41,'en','Vendor search');
REPLACE INTO `cscart_bm_blocks_descriptions` (`block_id`, `lang_code`, `name`) VALUES (42,'en','Vendor information');
REPLACE INTO `cscart_bm_blocks_descriptions` (`block_id`, `lang_code`, `name`) VALUES (43,'en','Selected product filters');
REPLACE INTO `cscart_bm_blocks_descriptions` (`block_id`, `lang_code`, `name`) VALUES (44,'en','Vendor categories');
REPLACE INTO `cscart_bm_blocks_descriptions` (`block_id`, `lang_code`, `name`) VALUES (45,'en','Vendor filters');
REPLACE INTO `cscart_bm_blocks_descriptions` (`block_id`, `lang_code`, `name`) VALUES (46,'en','Vendor account information');
REPLACE INTO `cscart_bm_blocks_descriptions` (`block_id`, `lang_code`, `name`) VALUES (47,'en','404');
REPLACE INTO `cscart_bm_blocks_descriptions` (`block_id`, `lang_code`, `name`) VALUES (48,'en','Product filters');
REPLACE INTO `cscart_bm_blocks_descriptions` (`block_id`, `lang_code`, `name`) VALUES (49,'en','Recent posts');
REPLACE INTO `cscart_bm_blocks_descriptions` (`block_id`, `lang_code`, `name`) VALUES (50,'en','Languages');
REPLACE INTO `cscart_bm_blocks_descriptions` (`block_id`, `lang_code`, `name`) VALUES (51,'en','Cart content');
REPLACE INTO `cscart_bm_blocks_descriptions` (`block_id`, `lang_code`, `name`) VALUES (52,'en','Top menu');
REPLACE INTO `cscart_bm_blocks_descriptions` (`block_id`, `lang_code`, `name`) VALUES (53,'en','Hot deals');
REPLACE INTO `cscart_bm_blocks_descriptions` (`block_id`, `lang_code`, `name`) VALUES (54,'en','On Sale');
REPLACE INTO `cscart_bm_blocks_descriptions` (`block_id`, `lang_code`, `name`) VALUES (55,'en','Benefits & Guarantees');
REPLACE INTO `cscart_bm_blocks_descriptions` (`block_id`, `lang_code`, `name`) VALUES (56,'en','Gift certificate verification');
REPLACE INTO `cscart_bm_blocks_descriptions` (`block_id`, `lang_code`, `name`) VALUES (57,'en','Acme Corporation products');
REPLACE INTO `cscart_bm_blocks_descriptions` (`block_id`, `lang_code`, `name`) VALUES (58,'en','Stark Industries products');
REPLACE INTO `cscart_bm_blocks_descriptions` (`block_id`, `lang_code`, `name`) VALUES (59,'en','No transaction fee');
REPLACE INTO `cscart_bm_blocks_descriptions` (`block_id`, `lang_code`, `name`) VALUES (60,'en','Brands');
REPLACE INTO `cscart_bm_blocks_descriptions` (`block_id`, `lang_code`, `name`) VALUES (61,'en','Order summary');
REPLACE INTO `cscart_bm_blocks_descriptions` (`block_id`, `lang_code`, `name`) VALUES (62,'en','Order Information');

REPLACE INTO `cscart_bm_containers` (`container_id`, `location_id`, `position`, `width`, `user_class`, `linked_to_default`, `status`) VALUES (1,1,'TOP_PANEL',16,'top-grid','Y','A');
REPLACE INTO `cscart_bm_containers` (`container_id`, `location_id`, `position`, `width`, `user_class`, `linked_to_default`, `status`) VALUES (2,1,'HEADER',16,'header-grid','Y','A');
REPLACE INTO `cscart_bm_containers` (`container_id`, `location_id`, `position`, `width`, `user_class`, `linked_to_default`, `status`) VALUES (3,1,'CONTENT',16,'content-grid','Y','A');
REPLACE INTO `cscart_bm_containers` (`container_id`, `location_id`, `position`, `width`, `user_class`, `linked_to_default`, `status`) VALUES (4,1,'FOOTER',16,'ty-footer-grid','Y','A');
REPLACE INTO `cscart_bm_containers` (`container_id`, `location_id`, `position`, `width`, `user_class`, `linked_to_default`, `status`) VALUES (5,2,'TOP_PANEL',16,'','Y','A');
REPLACE INTO `cscart_bm_containers` (`container_id`, `location_id`, `position`, `width`, `user_class`, `linked_to_default`, `status`) VALUES (6,2,'HEADER',16,'','Y','A');
REPLACE INTO `cscart_bm_containers` (`container_id`, `location_id`, `position`, `width`, `user_class`, `linked_to_default`, `status`) VALUES (7,2,'CONTENT',16,'content-grid','Y','A');
REPLACE INTO `cscart_bm_containers` (`container_id`, `location_id`, `position`, `width`, `user_class`, `linked_to_default`, `status`) VALUES (8,2,'FOOTER',16,'','Y','A');
REPLACE INTO `cscart_bm_containers` (`container_id`, `location_id`, `position`, `width`, `user_class`, `linked_to_default`, `status`) VALUES (9,3,'TOP_PANEL',16,'','Y','A');
REPLACE INTO `cscart_bm_containers` (`container_id`, `location_id`, `position`, `width`, `user_class`, `linked_to_default`, `status`) VALUES (10,3,'HEADER',16,'','Y','A');
REPLACE INTO `cscart_bm_containers` (`container_id`, `location_id`, `position`, `width`, `user_class`, `linked_to_default`, `status`) VALUES (11,3,'CONTENT',16,'content-grid','Y','A');
REPLACE INTO `cscart_bm_containers` (`container_id`, `location_id`, `position`, `width`, `user_class`, `linked_to_default`, `status`) VALUES (12,3,'FOOTER',16,'','Y','A');
REPLACE INTO `cscart_bm_containers` (`container_id`, `location_id`, `position`, `width`, `user_class`, `linked_to_default`, `status`) VALUES (13,4,'TOP_PANEL',16,'','Y','A');
REPLACE INTO `cscart_bm_containers` (`container_id`, `location_id`, `position`, `width`, `user_class`, `linked_to_default`, `status`) VALUES (14,4,'HEADER',16,'','Y','A');
REPLACE INTO `cscart_bm_containers` (`container_id`, `location_id`, `position`, `width`, `user_class`, `linked_to_default`, `status`) VALUES (15,4,'CONTENT',16,'content-grid','Y','A');
REPLACE INTO `cscart_bm_containers` (`container_id`, `location_id`, `position`, `width`, `user_class`, `linked_to_default`, `status`) VALUES (16,4,'FOOTER',16,'','Y','A');
REPLACE INTO `cscart_bm_containers` (`container_id`, `location_id`, `position`, `width`, `user_class`, `linked_to_default`, `status`) VALUES (17,5,'TOP_PANEL',16,'','Y','A');
REPLACE INTO `cscart_bm_containers` (`container_id`, `location_id`, `position`, `width`, `user_class`, `linked_to_default`, `status`) VALUES (18,5,'HEADER',16,'','Y','A');
REPLACE INTO `cscart_bm_containers` (`container_id`, `location_id`, `position`, `width`, `user_class`, `linked_to_default`, `status`) VALUES (19,5,'CONTENT',16,'content-grid','Y','A');
REPLACE INTO `cscart_bm_containers` (`container_id`, `location_id`, `position`, `width`, `user_class`, `linked_to_default`, `status`) VALUES (20,5,'FOOTER',16,'','Y','A');
REPLACE INTO `cscart_bm_containers` (`container_id`, `location_id`, `position`, `width`, `user_class`, `linked_to_default`, `status`) VALUES (21,6,'TOP_PANEL',16,'','Y','A');
REPLACE INTO `cscart_bm_containers` (`container_id`, `location_id`, `position`, `width`, `user_class`, `linked_to_default`, `status`) VALUES (22,6,'HEADER',16,'','Y','A');
REPLACE INTO `cscart_bm_containers` (`container_id`, `location_id`, `position`, `width`, `user_class`, `linked_to_default`, `status`) VALUES (23,6,'CONTENT',16,'content-grid','Y','A');
REPLACE INTO `cscart_bm_containers` (`container_id`, `location_id`, `position`, `width`, `user_class`, `linked_to_default`, `status`) VALUES (24,6,'FOOTER',16,'','Y','A');
REPLACE INTO `cscart_bm_containers` (`container_id`, `location_id`, `position`, `width`, `user_class`, `linked_to_default`, `status`) VALUES (25,7,'TOP_PANEL',16,'','Y','A');
REPLACE INTO `cscart_bm_containers` (`container_id`, `location_id`, `position`, `width`, `user_class`, `linked_to_default`, `status`) VALUES (26,7,'HEADER',16,'','Y','A');
REPLACE INTO `cscart_bm_containers` (`container_id`, `location_id`, `position`, `width`, `user_class`, `linked_to_default`, `status`) VALUES (27,7,'CONTENT',16,'content-grid','Y','A');
REPLACE INTO `cscart_bm_containers` (`container_id`, `location_id`, `position`, `width`, `user_class`, `linked_to_default`, `status`) VALUES (28,7,'FOOTER',16,'','Y','A');
REPLACE INTO `cscart_bm_containers` (`container_id`, `location_id`, `position`, `width`, `user_class`, `linked_to_default`, `status`) VALUES (29,8,'TOP_PANEL',16,'','Y','A');
REPLACE INTO `cscart_bm_containers` (`container_id`, `location_id`, `position`, `width`, `user_class`, `linked_to_default`, `status`) VALUES (30,8,'HEADER',16,'','Y','A');
REPLACE INTO `cscart_bm_containers` (`container_id`, `location_id`, `position`, `width`, `user_class`, `linked_to_default`, `status`) VALUES (31,8,'CONTENT',16,'content-grid','Y','A');
REPLACE INTO `cscart_bm_containers` (`container_id`, `location_id`, `position`, `width`, `user_class`, `linked_to_default`, `status`) VALUES (32,8,'FOOTER',16,'','Y','A');
REPLACE INTO `cscart_bm_containers` (`container_id`, `location_id`, `position`, `width`, `user_class`, `linked_to_default`, `status`) VALUES (33,9,'TOP_PANEL',16,'','Y','A');
REPLACE INTO `cscart_bm_containers` (`container_id`, `location_id`, `position`, `width`, `user_class`, `linked_to_default`, `status`) VALUES (34,9,'HEADER',16,'','Y','A');
REPLACE INTO `cscart_bm_containers` (`container_id`, `location_id`, `position`, `width`, `user_class`, `linked_to_default`, `status`) VALUES (35,9,'CONTENT',16,'content-grid','Y','A');
REPLACE INTO `cscart_bm_containers` (`container_id`, `location_id`, `position`, `width`, `user_class`, `linked_to_default`, `status`) VALUES (36,9,'FOOTER',16,'','Y','A');
REPLACE INTO `cscart_bm_containers` (`container_id`, `location_id`, `position`, `width`, `user_class`, `linked_to_default`, `status`) VALUES (37,10,'TOP_PANEL',16,'','Y','A');
REPLACE INTO `cscart_bm_containers` (`container_id`, `location_id`, `position`, `width`, `user_class`, `linked_to_default`, `status`) VALUES (38,10,'HEADER',16,'','Y','A');
REPLACE INTO `cscart_bm_containers` (`container_id`, `location_id`, `position`, `width`, `user_class`, `linked_to_default`, `status`) VALUES (39,10,'CONTENT',16,'content-grid','Y','A');
REPLACE INTO `cscart_bm_containers` (`container_id`, `location_id`, `position`, `width`, `user_class`, `linked_to_default`, `status`) VALUES (40,10,'FOOTER',16,'','Y','A');
REPLACE INTO `cscart_bm_containers` (`container_id`, `location_id`, `position`, `width`, `user_class`, `linked_to_default`, `status`) VALUES (41,11,'TOP_PANEL',16,'top-grid','Y','A');
REPLACE INTO `cscart_bm_containers` (`container_id`, `location_id`, `position`, `width`, `user_class`, `linked_to_default`, `status`) VALUES (42,11,'HEADER',16,'','N','A');
REPLACE INTO `cscart_bm_containers` (`container_id`, `location_id`, `position`, `width`, `user_class`, `linked_to_default`, `status`) VALUES (43,11,'CONTENT',16,'content-grid','Y','A');
REPLACE INTO `cscart_bm_containers` (`container_id`, `location_id`, `position`, `width`, `user_class`, `linked_to_default`, `status`) VALUES (44,11,'FOOTER',16,'','Y','A');
REPLACE INTO `cscart_bm_containers` (`container_id`, `location_id`, `position`, `width`, `user_class`, `linked_to_default`, `status`) VALUES (45,12,'TOP_PANEL',16,'','Y','A');
REPLACE INTO `cscart_bm_containers` (`container_id`, `location_id`, `position`, `width`, `user_class`, `linked_to_default`, `status`) VALUES (46,12,'HEADER',16,'','Y','A');
REPLACE INTO `cscart_bm_containers` (`container_id`, `location_id`, `position`, `width`, `user_class`, `linked_to_default`, `status`) VALUES (47,12,'CONTENT',16,'content-grid','Y','A');
REPLACE INTO `cscart_bm_containers` (`container_id`, `location_id`, `position`, `width`, `user_class`, `linked_to_default`, `status`) VALUES (48,12,'FOOTER',16,'','Y','A');
REPLACE INTO `cscart_bm_containers` (`container_id`, `location_id`, `position`, `width`, `user_class`, `linked_to_default`, `status`) VALUES (49,13,'TOP_PANEL',16,'','Y','A');
REPLACE INTO `cscart_bm_containers` (`container_id`, `location_id`, `position`, `width`, `user_class`, `linked_to_default`, `status`) VALUES (50,13,'HEADER',16,'','Y','A');
REPLACE INTO `cscart_bm_containers` (`container_id`, `location_id`, `position`, `width`, `user_class`, `linked_to_default`, `status`) VALUES (51,13,'CONTENT',16,'content-grid','Y','A');
REPLACE INTO `cscart_bm_containers` (`container_id`, `location_id`, `position`, `width`, `user_class`, `linked_to_default`, `status`) VALUES (52,13,'FOOTER',16,'','Y','A');
REPLACE INTO `cscart_bm_containers` (`container_id`, `location_id`, `position`, `width`, `user_class`, `linked_to_default`, `status`) VALUES (53,14,'TOP_PANEL',16,'','Y','A');
REPLACE INTO `cscart_bm_containers` (`container_id`, `location_id`, `position`, `width`, `user_class`, `linked_to_default`, `status`) VALUES (54,14,'HEADER',16,'','Y','A');
REPLACE INTO `cscart_bm_containers` (`container_id`, `location_id`, `position`, `width`, `user_class`, `linked_to_default`, `status`) VALUES (55,14,'CONTENT',16,'content-grid','Y','A');
REPLACE INTO `cscart_bm_containers` (`container_id`, `location_id`, `position`, `width`, `user_class`, `linked_to_default`, `status`) VALUES (56,14,'FOOTER',16,'','Y','A');
REPLACE INTO `cscart_bm_containers` (`container_id`, `location_id`, `position`, `width`, `user_class`, `linked_to_default`, `status`) VALUES (57,15,'TOP_PANEL',16,'','Y','A');
REPLACE INTO `cscart_bm_containers` (`container_id`, `location_id`, `position`, `width`, `user_class`, `linked_to_default`, `status`) VALUES (58,15,'HEADER',16,'','Y','A');
REPLACE INTO `cscart_bm_containers` (`container_id`, `location_id`, `position`, `width`, `user_class`, `linked_to_default`, `status`) VALUES (59,15,'CONTENT',16,'','Y','A');
REPLACE INTO `cscart_bm_containers` (`container_id`, `location_id`, `position`, `width`, `user_class`, `linked_to_default`, `status`) VALUES (60,15,'FOOTER',16,'','Y','A');
REPLACE INTO `cscart_bm_containers` (`container_id`, `location_id`, `position`, `width`, `user_class`, `linked_to_default`, `status`) VALUES (140,35,'FOOTER',16,'','Y','A');
REPLACE INTO `cscart_bm_containers` (`container_id`, `location_id`, `position`, `width`, `user_class`, `linked_to_default`, `status`) VALUES (139,35,'CONTENT',16,'','Y','A');
REPLACE INTO `cscart_bm_containers` (`container_id`, `location_id`, `position`, `width`, `user_class`, `linked_to_default`, `status`) VALUES (138,35,'HEADER',16,'','Y','A');
REPLACE INTO `cscart_bm_containers` (`container_id`, `location_id`, `position`, `width`, `user_class`, `linked_to_default`, `status`) VALUES (137,35,'TOP_PANEL',16,'','Y','A');
REPLACE INTO `cscart_bm_containers` (`container_id`, `location_id`, `position`, `width`, `user_class`, `linked_to_default`, `status`) VALUES (65,17,'TOP_PANEL',16,'top-grid','Y','A');
REPLACE INTO `cscart_bm_containers` (`container_id`, `location_id`, `position`, `width`, `user_class`, `linked_to_default`, `status`) VALUES (66,17,'HEADER',16,'header-grid','Y','A');
REPLACE INTO `cscart_bm_containers` (`container_id`, `location_id`, `position`, `width`, `user_class`, `linked_to_default`, `status`) VALUES (67,17,'CONTENT',16,'content-grid','Y','A');
REPLACE INTO `cscart_bm_containers` (`container_id`, `location_id`, `position`, `width`, `user_class`, `linked_to_default`, `status`) VALUES (68,17,'FOOTER',16,'ty-footer-grid','Y','A');
REPLACE INTO `cscart_bm_containers` (`container_id`, `location_id`, `position`, `width`, `user_class`, `linked_to_default`, `status`) VALUES (69,18,'TOP_PANEL',16,'','Y','A');
REPLACE INTO `cscart_bm_containers` (`container_id`, `location_id`, `position`, `width`, `user_class`, `linked_to_default`, `status`) VALUES (70,18,'HEADER',16,'','Y','A');
REPLACE INTO `cscart_bm_containers` (`container_id`, `location_id`, `position`, `width`, `user_class`, `linked_to_default`, `status`) VALUES (71,18,'CONTENT',16,'content-grid','Y','A');
REPLACE INTO `cscart_bm_containers` (`container_id`, `location_id`, `position`, `width`, `user_class`, `linked_to_default`, `status`) VALUES (72,18,'FOOTER',16,'','Y','A');
REPLACE INTO `cscart_bm_containers` (`container_id`, `location_id`, `position`, `width`, `user_class`, `linked_to_default`, `status`) VALUES (73,19,'TOP_PANEL',16,'','Y','A');
REPLACE INTO `cscart_bm_containers` (`container_id`, `location_id`, `position`, `width`, `user_class`, `linked_to_default`, `status`) VALUES (74,19,'HEADER',16,'','Y','A');
REPLACE INTO `cscart_bm_containers` (`container_id`, `location_id`, `position`, `width`, `user_class`, `linked_to_default`, `status`) VALUES (75,19,'CONTENT',16,'content-grid','Y','A');
REPLACE INTO `cscart_bm_containers` (`container_id`, `location_id`, `position`, `width`, `user_class`, `linked_to_default`, `status`) VALUES (76,19,'FOOTER',16,'','Y','A');
REPLACE INTO `cscart_bm_containers` (`container_id`, `location_id`, `position`, `width`, `user_class`, `linked_to_default`, `status`) VALUES (77,20,'TOP_PANEL',16,'','Y','A');
REPLACE INTO `cscart_bm_containers` (`container_id`, `location_id`, `position`, `width`, `user_class`, `linked_to_default`, `status`) VALUES (78,20,'HEADER',16,'','Y','A');
REPLACE INTO `cscart_bm_containers` (`container_id`, `location_id`, `position`, `width`, `user_class`, `linked_to_default`, `status`) VALUES (79,20,'CONTENT',16,'content-grid','Y','A');
REPLACE INTO `cscart_bm_containers` (`container_id`, `location_id`, `position`, `width`, `user_class`, `linked_to_default`, `status`) VALUES (80,20,'FOOTER',16,'','Y','A');
REPLACE INTO `cscart_bm_containers` (`container_id`, `location_id`, `position`, `width`, `user_class`, `linked_to_default`, `status`) VALUES (81,21,'TOP_PANEL',16,'','Y','A');
REPLACE INTO `cscart_bm_containers` (`container_id`, `location_id`, `position`, `width`, `user_class`, `linked_to_default`, `status`) VALUES (82,21,'HEADER',16,'','Y','A');
REPLACE INTO `cscart_bm_containers` (`container_id`, `location_id`, `position`, `width`, `user_class`, `linked_to_default`, `status`) VALUES (83,21,'CONTENT',16,'content-grid','Y','A');
REPLACE INTO `cscart_bm_containers` (`container_id`, `location_id`, `position`, `width`, `user_class`, `linked_to_default`, `status`) VALUES (84,21,'FOOTER',16,'','Y','A');
REPLACE INTO `cscart_bm_containers` (`container_id`, `location_id`, `position`, `width`, `user_class`, `linked_to_default`, `status`) VALUES (85,22,'TOP_PANEL',16,'','Y','A');
REPLACE INTO `cscart_bm_containers` (`container_id`, `location_id`, `position`, `width`, `user_class`, `linked_to_default`, `status`) VALUES (86,22,'HEADER',16,'','Y','A');
REPLACE INTO `cscart_bm_containers` (`container_id`, `location_id`, `position`, `width`, `user_class`, `linked_to_default`, `status`) VALUES (87,22,'CONTENT',16,'content-grid','Y','A');
REPLACE INTO `cscart_bm_containers` (`container_id`, `location_id`, `position`, `width`, `user_class`, `linked_to_default`, `status`) VALUES (88,22,'FOOTER',16,'','Y','A');
REPLACE INTO `cscart_bm_containers` (`container_id`, `location_id`, `position`, `width`, `user_class`, `linked_to_default`, `status`) VALUES (89,23,'TOP_PANEL',16,'','Y','A');
REPLACE INTO `cscart_bm_containers` (`container_id`, `location_id`, `position`, `width`, `user_class`, `linked_to_default`, `status`) VALUES (90,23,'HEADER',16,'','Y','A');
REPLACE INTO `cscart_bm_containers` (`container_id`, `location_id`, `position`, `width`, `user_class`, `linked_to_default`, `status`) VALUES (91,23,'CONTENT',16,'content-grid','Y','A');
REPLACE INTO `cscart_bm_containers` (`container_id`, `location_id`, `position`, `width`, `user_class`, `linked_to_default`, `status`) VALUES (92,23,'FOOTER',16,'','Y','A');
REPLACE INTO `cscart_bm_containers` (`container_id`, `location_id`, `position`, `width`, `user_class`, `linked_to_default`, `status`) VALUES (93,24,'TOP_PANEL',16,'','Y','A');
REPLACE INTO `cscart_bm_containers` (`container_id`, `location_id`, `position`, `width`, `user_class`, `linked_to_default`, `status`) VALUES (94,24,'HEADER',16,'','Y','A');
REPLACE INTO `cscart_bm_containers` (`container_id`, `location_id`, `position`, `width`, `user_class`, `linked_to_default`, `status`) VALUES (95,24,'CONTENT',16,'content-grid','Y','A');
REPLACE INTO `cscart_bm_containers` (`container_id`, `location_id`, `position`, `width`, `user_class`, `linked_to_default`, `status`) VALUES (96,24,'FOOTER',16,'','Y','A');
REPLACE INTO `cscart_bm_containers` (`container_id`, `location_id`, `position`, `width`, `user_class`, `linked_to_default`, `status`) VALUES (97,25,'TOP_PANEL',16,'','Y','A');
REPLACE INTO `cscart_bm_containers` (`container_id`, `location_id`, `position`, `width`, `user_class`, `linked_to_default`, `status`) VALUES (98,25,'HEADER',16,'','Y','A');
REPLACE INTO `cscart_bm_containers` (`container_id`, `location_id`, `position`, `width`, `user_class`, `linked_to_default`, `status`) VALUES (99,25,'CONTENT',16,'content-grid','Y','A');
REPLACE INTO `cscart_bm_containers` (`container_id`, `location_id`, `position`, `width`, `user_class`, `linked_to_default`, `status`) VALUES (100,25,'FOOTER',16,'','Y','A');
REPLACE INTO `cscart_bm_containers` (`container_id`, `location_id`, `position`, `width`, `user_class`, `linked_to_default`, `status`) VALUES (101,26,'TOP_PANEL',16,'','Y','A');
REPLACE INTO `cscart_bm_containers` (`container_id`, `location_id`, `position`, `width`, `user_class`, `linked_to_default`, `status`) VALUES (102,26,'HEADER',16,'','Y','A');
REPLACE INTO `cscart_bm_containers` (`container_id`, `location_id`, `position`, `width`, `user_class`, `linked_to_default`, `status`) VALUES (103,26,'CONTENT',16,'content-grid','Y','A');
REPLACE INTO `cscart_bm_containers` (`container_id`, `location_id`, `position`, `width`, `user_class`, `linked_to_default`, `status`) VALUES (104,26,'FOOTER',16,'','Y','A');
REPLACE INTO `cscart_bm_containers` (`container_id`, `location_id`, `position`, `width`, `user_class`, `linked_to_default`, `status`) VALUES (105,27,'TOP_PANEL',16,'','Y','A');
REPLACE INTO `cscart_bm_containers` (`container_id`, `location_id`, `position`, `width`, `user_class`, `linked_to_default`, `status`) VALUES (106,27,'HEADER',16,'','Y','A');
REPLACE INTO `cscart_bm_containers` (`container_id`, `location_id`, `position`, `width`, `user_class`, `linked_to_default`, `status`) VALUES (107,27,'CONTENT',16,'content-grid','Y','A');
REPLACE INTO `cscart_bm_containers` (`container_id`, `location_id`, `position`, `width`, `user_class`, `linked_to_default`, `status`) VALUES (108,27,'FOOTER',16,'','Y','A');
REPLACE INTO `cscart_bm_containers` (`container_id`, `location_id`, `position`, `width`, `user_class`, `linked_to_default`, `status`) VALUES (109,28,'TOP_PANEL',16,'','Y','A');
REPLACE INTO `cscart_bm_containers` (`container_id`, `location_id`, `position`, `width`, `user_class`, `linked_to_default`, `status`) VALUES (110,28,'HEADER',16,'','Y','A');
REPLACE INTO `cscart_bm_containers` (`container_id`, `location_id`, `position`, `width`, `user_class`, `linked_to_default`, `status`) VALUES (111,28,'CONTENT',16,'content-grid','Y','A');
REPLACE INTO `cscart_bm_containers` (`container_id`, `location_id`, `position`, `width`, `user_class`, `linked_to_default`, `status`) VALUES (112,28,'FOOTER',16,'','Y','A');
REPLACE INTO `cscart_bm_containers` (`container_id`, `location_id`, `position`, `width`, `user_class`, `linked_to_default`, `status`) VALUES (117,30,'TOP_PANEL',16,'','Y','A');
REPLACE INTO `cscart_bm_containers` (`container_id`, `location_id`, `position`, `width`, `user_class`, `linked_to_default`, `status`) VALUES (118,30,'HEADER',16,'','Y','A');
REPLACE INTO `cscart_bm_containers` (`container_id`, `location_id`, `position`, `width`, `user_class`, `linked_to_default`, `status`) VALUES (119,30,'CONTENT',16,'','Y','A');
REPLACE INTO `cscart_bm_containers` (`container_id`, `location_id`, `position`, `width`, `user_class`, `linked_to_default`, `status`) VALUES (120,30,'FOOTER',16,'','Y','A');
REPLACE INTO `cscart_bm_containers` (`container_id`, `location_id`, `position`, `width`, `user_class`, `linked_to_default`, `status`) VALUES (121,31,'TOP_PANEL',16,'','Y','A');
REPLACE INTO `cscart_bm_containers` (`container_id`, `location_id`, `position`, `width`, `user_class`, `linked_to_default`, `status`) VALUES (122,31,'HEADER',16,'','Y','A');
REPLACE INTO `cscart_bm_containers` (`container_id`, `location_id`, `position`, `width`, `user_class`, `linked_to_default`, `status`) VALUES (123,31,'CONTENT',16,'','Y','A');
REPLACE INTO `cscart_bm_containers` (`container_id`, `location_id`, `position`, `width`, `user_class`, `linked_to_default`, `status`) VALUES (124,31,'FOOTER',16,'','Y','A');
REPLACE INTO `cscart_bm_containers` (`container_id`, `location_id`, `position`, `width`, `user_class`, `linked_to_default`, `status`) VALUES (125,32,'TOP_PANEL',16,'','Y','A');
REPLACE INTO `cscart_bm_containers` (`container_id`, `location_id`, `position`, `width`, `user_class`, `linked_to_default`, `status`) VALUES (126,32,'HEADER',16,'','Y','A');
REPLACE INTO `cscart_bm_containers` (`container_id`, `location_id`, `position`, `width`, `user_class`, `linked_to_default`, `status`) VALUES (127,32,'CONTENT',16,'content-grid','Y','A');
REPLACE INTO `cscart_bm_containers` (`container_id`, `location_id`, `position`, `width`, `user_class`, `linked_to_default`, `status`) VALUES (128,32,'FOOTER',16,'','Y','A');
REPLACE INTO `cscart_bm_containers` (`container_id`, `location_id`, `position`, `width`, `user_class`, `linked_to_default`, `status`) VALUES (129,33,'TOP_PANEL',16,'','Y','A');
REPLACE INTO `cscart_bm_containers` (`container_id`, `location_id`, `position`, `width`, `user_class`, `linked_to_default`, `status`) VALUES (130,33,'HEADER',16,'','Y','A');
REPLACE INTO `cscart_bm_containers` (`container_id`, `location_id`, `position`, `width`, `user_class`, `linked_to_default`, `status`) VALUES (131,33,'CONTENT',16,'content-grid','Y','A');
REPLACE INTO `cscart_bm_containers` (`container_id`, `location_id`, `position`, `width`, `user_class`, `linked_to_default`, `status`) VALUES (132,33,'FOOTER',16,'','Y','A');
REPLACE INTO `cscart_bm_containers` (`container_id`, `location_id`, `position`, `width`, `user_class`, `linked_to_default`, `status`) VALUES (133,34,'TOP_PANEL',16,'','Y','A');
REPLACE INTO `cscart_bm_containers` (`container_id`, `location_id`, `position`, `width`, `user_class`, `linked_to_default`, `status`) VALUES (134,34,'HEADER',16,'','Y','A');
REPLACE INTO `cscart_bm_containers` (`container_id`, `location_id`, `position`, `width`, `user_class`, `linked_to_default`, `status`) VALUES (135,34,'CONTENT',16,'','Y','A');
REPLACE INTO `cscart_bm_containers` (`container_id`, `location_id`, `position`, `width`, `user_class`, `linked_to_default`, `status`) VALUES (136,34,'FOOTER',16,'','Y','A');
REPLACE INTO `cscart_bm_containers` (`container_id`, `location_id`, `position`, `width`, `user_class`, `linked_to_default`, `status`) VALUES (141,36,'TOP_PANEL',16,'','Y','A');
REPLACE INTO `cscart_bm_containers` (`container_id`, `location_id`, `position`, `width`, `user_class`, `linked_to_default`, `status`) VALUES (142,36,'HEADER',16,'','Y','A');
REPLACE INTO `cscart_bm_containers` (`container_id`, `location_id`, `position`, `width`, `user_class`, `linked_to_default`, `status`) VALUES (143,36,'CONTENT',16,'content-grid','Y','A');
REPLACE INTO `cscart_bm_containers` (`container_id`, `location_id`, `position`, `width`, `user_class`, `linked_to_default`, `status`) VALUES (144,36,'FOOTER',16,'','Y','A');
REPLACE INTO `cscart_bm_containers` (`container_id`, `location_id`, `position`, `width`, `user_class`, `linked_to_default`, `status`) VALUES (145,37,'TOP_PANEL',16,'','Y','A');
REPLACE INTO `cscart_bm_containers` (`container_id`, `location_id`, `position`, `width`, `user_class`, `linked_to_default`, `status`) VALUES (146,37,'HEADER',16,'','Y','A');
REPLACE INTO `cscart_bm_containers` (`container_id`, `location_id`, `position`, `width`, `user_class`, `linked_to_default`, `status`) VALUES (147,37,'CONTENT',16,'content-grid','Y','A');
REPLACE INTO `cscart_bm_containers` (`container_id`, `location_id`, `position`, `width`, `user_class`, `linked_to_default`, `status`) VALUES (148,37,'FOOTER',16,'','Y','A');

REPLACE INTO `cscart_bm_grids` (`grid_id`, `container_id`, `parent_id`, `order`, `width`, `offset`, `user_class`, `omega`, `alpha`, `wrapper`, `content_align`, `html_element`, `clear`, `status`) VALUES (1,1,0,0,3,0,'top-links-grid',0,1,'','LEFT','div',0,'A');
REPLACE INTO `cscart_bm_grids` (`grid_id`, `container_id`, `parent_id`, `order`, `width`, `offset`, `user_class`, `omega`, `alpha`, `wrapper`, `content_align`, `html_element`, `clear`, `status`) VALUES (2,1,0,1,11,0,'top-links-grid',0,0,'','LEFT','div',0,'A');
REPLACE INTO `cscart_bm_grids` (`grid_id`, `container_id`, `parent_id`, `order`, `width`, `offset`, `user_class`, `omega`, `alpha`, `wrapper`, `content_align`, `html_element`, `clear`, `status`) VALUES (3,1,0,2,2,0,'',1,0,'','RIGHT','div',1,'A');
REPLACE INTO `cscart_bm_grids` (`grid_id`, `container_id`, `parent_id`, `order`, `width`, `offset`, `user_class`, `omega`, `alpha`, `wrapper`, `content_align`, `html_element`, `clear`, `status`) VALUES (4,2,0,0,3,0,'top-logo-grid',0,1,'','FULL_WIDTH','div',0,'A');
REPLACE INTO `cscart_bm_grids` (`grid_id`, `container_id`, `parent_id`, `order`, `width`, `offset`, `user_class`, `omega`, `alpha`, `wrapper`, `content_align`, `html_element`, `clear`, `status`) VALUES (5,2,0,1,5,0,'ty-cr-content-grid',0,0,'','RIGHT','div',0,'A');
REPLACE INTO `cscart_bm_grids` (`grid_id`, `container_id`, `parent_id`, `order`, `width`, `offset`, `user_class`, `omega`, `alpha`, `wrapper`, `content_align`, `html_element`, `clear`, `status`) VALUES (6,2,0,2,8,0,'',1,0,'','FULL_WIDTH','div',1,'A');
REPLACE INTO `cscart_bm_grids` (`grid_id`, `container_id`, `parent_id`, `order`, `width`, `offset`, `user_class`, `omega`, `alpha`, `wrapper`, `content_align`, `html_element`, `clear`, `status`) VALUES (7,2,6,0,4,0,'search-block-grid',0,1,'','FULL_WIDTH','div',0,'A');
REPLACE INTO `cscart_bm_grids` (`grid_id`, `container_id`, `parent_id`, `order`, `width`, `offset`, `user_class`, `omega`, `alpha`, `wrapper`, `content_align`, `html_element`, `clear`, `status`) VALUES (8,2,6,0,4,0,'cart-content-grid',1,0,'','FULL_WIDTH','div',1,'A');
REPLACE INTO `cscart_bm_grids` (`grid_id`, `container_id`, `parent_id`, `order`, `width`, `offset`, `user_class`, `omega`, `alpha`, `wrapper`, `content_align`, `html_element`, `clear`, `status`) VALUES (9,2,0,4,16,0,'top-menu-grid',1,1,'','FULL_WIDTH','div',1,'A');
REPLACE INTO `cscart_bm_grids` (`grid_id`, `container_id`, `parent_id`, `order`, `width`, `offset`, `user_class`, `omega`, `alpha`, `wrapper`, `content_align`, `html_element`, `clear`, `status`) VALUES (10,3,0,0,16,0,'breadcrumbs-grid',1,1,'','FULL_WIDTH','div',1,'A');
REPLACE INTO `cscart_bm_grids` (`grid_id`, `container_id`, `parent_id`, `order`, `width`, `offset`, `user_class`, `omega`, `alpha`, `wrapper`, `content_align`, `html_element`, `clear`, `status`) VALUES (11,3,0,0,16,0,'main-content-grid',1,1,'','FULL_WIDTH','div',1,'A');
REPLACE INTO `cscart_bm_grids` (`grid_id`, `container_id`, `parent_id`, `order`, `width`, `offset`, `user_class`, `omega`, `alpha`, `wrapper`, `content_align`, `html_element`, `clear`, `status`) VALUES (12,4,0,0,16,0,'ty-footer-grid__full-width footer-stay-connected',1,1,'','FULL_WIDTH','div',1,'A');
REPLACE INTO `cscart_bm_grids` (`grid_id`, `container_id`, `parent_id`, `order`, `width`, `offset`, `user_class`, `omega`, `alpha`, `wrapper`, `content_align`, `html_element`, `clear`, `status`) VALUES (13,4,12,0,10,0,'ty-grid',0,1,'','FULL_WIDTH','div',0,'A');
REPLACE INTO `cscart_bm_grids` (`grid_id`, `container_id`, `parent_id`, `order`, `width`, `offset`, `user_class`, `omega`, `alpha`, `wrapper`, `content_align`, `html_element`, `clear`, `status`) VALUES (14,4,12,0,6,0,'ty-grid',1,0,'','FULL_WIDTH','div',1,'A');
REPLACE INTO `cscart_bm_grids` (`grid_id`, `container_id`, `parent_id`, `order`, `width`, `offset`, `user_class`, `omega`, `alpha`, `wrapper`, `content_align`, `html_element`, `clear`, `status`) VALUES (15,4,0,0,16,0,'ty-footer-grid__full-width ty-footer-menu',1,1,'','FULL_WIDTH','div',1,'A');
REPLACE INTO `cscart_bm_grids` (`grid_id`, `container_id`, `parent_id`, `order`, `width`, `offset`, `user_class`, `omega`, `alpha`, `wrapper`, `content_align`, `html_element`, `clear`, `status`) VALUES (16,4,15,0,4,0,'my-account-grid',0,1,'','LEFT','div',0,'A');
REPLACE INTO `cscart_bm_grids` (`grid_id`, `container_id`, `parent_id`, `order`, `width`, `offset`, `user_class`, `omega`, `alpha`, `wrapper`, `content_align`, `html_element`, `clear`, `status`) VALUES (17,4,15,0,4,0,'footer-store-grid',0,0,'','LEFT','div',0,'A');
REPLACE INTO `cscart_bm_grids` (`grid_id`, `container_id`, `parent_id`, `order`, `width`, `offset`, `user_class`, `omega`, `alpha`, `wrapper`, `content_align`, `html_element`, `clear`, `status`) VALUES (18,4,15,0,4,0,'customer-service-grid',0,0,'','LEFT','div',0,'A');
REPLACE INTO `cscart_bm_grids` (`grid_id`, `container_id`, `parent_id`, `order`, `width`, `offset`, `user_class`, `omega`, `alpha`, `wrapper`, `content_align`, `html_element`, `clear`, `status`) VALUES (19,4,15,0,4,0,'about-grid',1,0,'','LEFT','div',1,'A');
REPLACE INTO `cscart_bm_grids` (`grid_id`, `container_id`, `parent_id`, `order`, `width`, `offset`, `user_class`, `omega`, `alpha`, `wrapper`, `content_align`, `html_element`, `clear`, `status`) VALUES (20,4,0,0,16,0,'ty-footer-grid__full-width footer-copyright',1,1,'','FULL_WIDTH','div',1,'A');
REPLACE INTO `cscart_bm_grids` (`grid_id`, `container_id`, `parent_id`, `order`, `width`, `offset`, `user_class`, `omega`, `alpha`, `wrapper`, `content_align`, `html_element`, `clear`, `status`) VALUES (21,4,20,0,8,0,'',0,1,'','LEFT','div',0,'A');
REPLACE INTO `cscart_bm_grids` (`grid_id`, `container_id`, `parent_id`, `order`, `width`, `offset`, `user_class`, `omega`, `alpha`, `wrapper`, `content_align`, `html_element`, `clear`, `status`) VALUES (22,4,20,0,8,0,'',1,0,'','RIGHT','div',1,'A');
REPLACE INTO `cscart_bm_grids` (`grid_id`, `container_id`, `parent_id`, `order`, `width`, `offset`, `user_class`, `omega`, `alpha`, `wrapper`, `content_align`, `html_element`, `clear`, `status`) VALUES (23,7,0,0,16,0,'',1,1,'','FULL_WIDTH','div',1,'A');
REPLACE INTO `cscart_bm_grids` (`grid_id`, `container_id`, `parent_id`, `order`, `width`, `offset`, `user_class`, `omega`, `alpha`, `wrapper`, `content_align`, `html_element`, `clear`, `status`) VALUES (26,7,0,1,4,0,'side-grid',0,1,'','FULL_WIDTH','div',0,'A');
REPLACE INTO `cscart_bm_grids` (`grid_id`, `container_id`, `parent_id`, `order`, `width`, `offset`, `user_class`, `omega`, `alpha`, `wrapper`, `content_align`, `html_element`, `clear`, `status`) VALUES (27,7,0,2,12,0,'',1,0,'','FULL_WIDTH','div',1,'A');
REPLACE INTO `cscart_bm_grids` (`grid_id`, `container_id`, `parent_id`, `order`, `width`, `offset`, `user_class`, `omega`, `alpha`, `wrapper`, `content_align`, `html_element`, `clear`, `status`) VALUES (28,7,0,3,16,0,'',1,1,'','FULL_WIDTH','div',1,'A');
REPLACE INTO `cscart_bm_grids` (`grid_id`, `container_id`, `parent_id`, `order`, `width`, `offset`, `user_class`, `omega`, `alpha`, `wrapper`, `content_align`, `html_element`, `clear`, `status`) VALUES (29,7,0,5,8,0,'',0,1,'','FULL_WIDTH','div',0,'A');
REPLACE INTO `cscart_bm_grids` (`grid_id`, `container_id`, `parent_id`, `order`, `width`, `offset`, `user_class`, `omega`, `alpha`, `wrapper`, `content_align`, `html_element`, `clear`, `status`) VALUES (30,7,0,6,8,0,'',1,0,'','FULL_WIDTH','div',1,'A');
REPLACE INTO `cscart_bm_grids` (`grid_id`, `container_id`, `parent_id`, `order`, `width`, `offset`, `user_class`, `omega`, `alpha`, `wrapper`, `content_align`, `html_element`, `clear`, `status`) VALUES (31,7,0,4,16,0,'',1,1,'','FULL_WIDTH','div',1,'A');
REPLACE INTO `cscart_bm_grids` (`grid_id`, `container_id`, `parent_id`, `order`, `width`, `offset`, `user_class`, `omega`, `alpha`, `wrapper`, `content_align`, `html_element`, `clear`, `status`) VALUES (32,9,0,0,16,0,'',0,0,'','FULL_WIDTH','div',0,'A');
REPLACE INTO `cscart_bm_grids` (`grid_id`, `container_id`, `parent_id`, `order`, `width`, `offset`, `user_class`, `omega`, `alpha`, `wrapper`, `content_align`, `html_element`, `clear`, `status`) VALUES (33,11,0,0,16,0,'breadcrumbs-grid',1,1,'','FULL_WIDTH','div',1,'A');
REPLACE INTO `cscart_bm_grids` (`grid_id`, `container_id`, `parent_id`, `order`, `width`, `offset`, `user_class`, `omega`, `alpha`, `wrapper`, `content_align`, `html_element`, `clear`, `status`) VALUES (34,11,0,0,16,0,'main-content-grid',1,1,'','FULL_WIDTH','div',1,'A');
REPLACE INTO `cscart_bm_grids` (`grid_id`, `container_id`, `parent_id`, `order`, `width`, `offset`, `user_class`, `omega`, `alpha`, `wrapper`, `content_align`, `html_element`, `clear`, `status`) VALUES (35,11,0,0,9,0,'',0,1,'','FULL_WIDTH','div',0,'A');
REPLACE INTO `cscart_bm_grids` (`grid_id`, `container_id`, `parent_id`, `order`, `width`, `offset`, `user_class`, `omega`, `alpha`, `wrapper`, `content_align`, `html_element`, `clear`, `status`) VALUES (36,11,0,0,7,0,'',1,0,'','FULL_WIDTH','div',1,'A');
REPLACE INTO `cscart_bm_grids` (`grid_id`, `container_id`, `parent_id`, `order`, `width`, `offset`, `user_class`, `omega`, `alpha`, `wrapper`, `content_align`, `html_element`, `clear`, `status`) VALUES (37,12,0,0,16,0,'',0,0,'','FULL_WIDTH','div',0,'A');
REPLACE INTO `cscart_bm_grids` (`grid_id`, `container_id`, `parent_id`, `order`, `width`, `offset`, `user_class`, `omega`, `alpha`, `wrapper`, `content_align`, `html_element`, `clear`, `status`) VALUES (38,13,0,0,16,0,'',0,0,'','FULL_WIDTH','div',0,'A');
REPLACE INTO `cscart_bm_grids` (`grid_id`, `container_id`, `parent_id`, `order`, `width`, `offset`, `user_class`, `omega`, `alpha`, `wrapper`, `content_align`, `html_element`, `clear`, `status`) VALUES (39,15,0,0,16,0,'breadcrumbs-grid',1,1,'','FULL_WIDTH','div',1,'A');
REPLACE INTO `cscart_bm_grids` (`grid_id`, `container_id`, `parent_id`, `order`, `width`, `offset`, `user_class`, `omega`, `alpha`, `wrapper`, `content_align`, `html_element`, `clear`, `status`) VALUES (40,15,0,0,4,0,'side-grid',0,1,'','FULL_WIDTH','div',0,'A');
REPLACE INTO `cscart_bm_grids` (`grid_id`, `container_id`, `parent_id`, `order`, `width`, `offset`, `user_class`, `omega`, `alpha`, `wrapper`, `content_align`, `html_element`, `clear`, `status`) VALUES (41,15,0,0,12,0,'main-content-grid',1,0,'','FULL_WIDTH','div',1,'A');
REPLACE INTO `cscart_bm_grids` (`grid_id`, `container_id`, `parent_id`, `order`, `width`, `offset`, `user_class`, `omega`, `alpha`, `wrapper`, `content_align`, `html_element`, `clear`, `status`) VALUES (42,16,0,0,16,0,'',0,0,'','FULL_WIDTH','div',0,'A');
REPLACE INTO `cscart_bm_grids` (`grid_id`, `container_id`, `parent_id`, `order`, `width`, `offset`, `user_class`, `omega`, `alpha`, `wrapper`, `content_align`, `html_element`, `clear`, `status`) VALUES (43,17,0,0,16,0,'',1,1,'','FULL_WIDTH','div',0,'A');
REPLACE INTO `cscart_bm_grids` (`grid_id`, `container_id`, `parent_id`, `order`, `width`, `offset`, `user_class`, `omega`, `alpha`, `wrapper`, `content_align`, `html_element`, `clear`, `status`) VALUES (44,19,0,0,16,0,'breadcrumbs-grid',1,1,'','FULL_WIDTH','div',1,'A');
REPLACE INTO `cscart_bm_grids` (`grid_id`, `container_id`, `parent_id`, `order`, `width`, `offset`, `user_class`, `omega`, `alpha`, `wrapper`, `content_align`, `html_element`, `clear`, `status`) VALUES (45,19,0,0,16,0,'main-content-grid',1,1,'','FULL_WIDTH','div',1,'A');
REPLACE INTO `cscart_bm_grids` (`grid_id`, `container_id`, `parent_id`, `order`, `width`, `offset`, `user_class`, `omega`, `alpha`, `wrapper`, `content_align`, `html_element`, `clear`, `status`) VALUES (46,20,0,0,16,0,'',0,0,'','FULL_WIDTH','div',0,'A');
REPLACE INTO `cscart_bm_grids` (`grid_id`, `container_id`, `parent_id`, `order`, `width`, `offset`, `user_class`, `omega`, `alpha`, `wrapper`, `content_align`, `html_element`, `clear`, `status`) VALUES (47,21,0,0,16,0,'',0,0,'','FULL_WIDTH','div',0,'A');
REPLACE INTO `cscart_bm_grids` (`grid_id`, `container_id`, `parent_id`, `order`, `width`, `offset`, `user_class`, `omega`, `alpha`, `wrapper`, `content_align`, `html_element`, `clear`, `status`) VALUES (48,23,0,0,12,0,'main-content-grid',0,1,'','FULL_WIDTH','div',0,'A');
REPLACE INTO `cscart_bm_grids` (`grid_id`, `container_id`, `parent_id`, `order`, `width`, `offset`, `user_class`, `omega`, `alpha`, `wrapper`, `content_align`, `html_element`, `clear`, `status`) VALUES (49,23,0,0,4,0,'side-grid',1,0,'','FULL_WIDTH','div',1,'A');
REPLACE INTO `cscart_bm_grids` (`grid_id`, `container_id`, `parent_id`, `order`, `width`, `offset`, `user_class`, `omega`, `alpha`, `wrapper`, `content_align`, `html_element`, `clear`, `status`) VALUES (50,24,0,0,16,0,'',0,0,'','FULL_WIDTH','div',0,'A');
REPLACE INTO `cscart_bm_grids` (`grid_id`, `container_id`, `parent_id`, `order`, `width`, `offset`, `user_class`, `omega`, `alpha`, `wrapper`, `content_align`, `html_element`, `clear`, `status`) VALUES (51,27,0,0,16,0,'breadcrumbs-grid',1,1,'','FULL_WIDTH','div',1,'A');
REPLACE INTO `cscart_bm_grids` (`grid_id`, `container_id`, `parent_id`, `order`, `width`, `offset`, `user_class`, `omega`, `alpha`, `wrapper`, `content_align`, `html_element`, `clear`, `status`) VALUES (52,27,0,0,8,0,'main-content-grid',0,1,'','FULL_WIDTH','div',0,'A');
REPLACE INTO `cscart_bm_grids` (`grid_id`, `container_id`, `parent_id`, `order`, `width`, `offset`, `user_class`, `omega`, `alpha`, `wrapper`, `content_align`, `html_element`, `clear`, `status`) VALUES (53,27,0,0,8,0,'auth-information-grid',1,0,'','FULL_WIDTH','div',1,'A');
REPLACE INTO `cscart_bm_grids` (`grid_id`, `container_id`, `parent_id`, `order`, `width`, `offset`, `user_class`, `omega`, `alpha`, `wrapper`, `content_align`, `html_element`, `clear`, `status`) VALUES (54,31,0,0,16,0,'breadcrumbs-grid',1,1,'','FULL_WIDTH','div',1,'A');
REPLACE INTO `cscart_bm_grids` (`grid_id`, `container_id`, `parent_id`, `order`, `width`, `offset`, `user_class`, `omega`, `alpha`, `wrapper`, `content_align`, `html_element`, `clear`, `status`) VALUES (55,31,0,0,8,0,'main-content-grid',0,1,'','FULL_WIDTH','div',0,'A');
REPLACE INTO `cscart_bm_grids` (`grid_id`, `container_id`, `parent_id`, `order`, `width`, `offset`, `user_class`, `omega`, `alpha`, `wrapper`, `content_align`, `html_element`, `clear`, `status`) VALUES (56,31,0,0,8,0,'profile-information-grid',1,0,'','FULL_WIDTH','div',1,'A');
REPLACE INTO `cscart_bm_grids` (`grid_id`, `container_id`, `parent_id`, `order`, `width`, `offset`, `user_class`, `omega`, `alpha`, `wrapper`, `content_align`, `html_element`, `clear`, `status`) VALUES (57,35,0,0,16,0,'main-content-grid',1,1,'','FULL_WIDTH','div',1,'A');
REPLACE INTO `cscart_bm_grids` (`grid_id`, `container_id`, `parent_id`, `order`, `width`, `offset`, `user_class`, `omega`, `alpha`, `wrapper`, `content_align`, `html_element`, `clear`, `status`) VALUES (58,37,0,0,16,0,'',0,0,'','FULL_WIDTH','div',0,'A');
REPLACE INTO `cscart_bm_grids` (`grid_id`, `container_id`, `parent_id`, `order`, `width`, `offset`, `user_class`, `omega`, `alpha`, `wrapper`, `content_align`, `html_element`, `clear`, `status`) VALUES (59,39,0,0,16,0,'main-content-grid',1,1,'','FULL_WIDTH','div',1,'A');
REPLACE INTO `cscart_bm_grids` (`grid_id`, `container_id`, `parent_id`, `order`, `width`, `offset`, `user_class`, `omega`, `alpha`, `wrapper`, `content_align`, `html_element`, `clear`, `status`) VALUES (60,40,0,0,16,0,'',0,0,'','FULL_WIDTH','div',0,'A');
REPLACE INTO `cscart_bm_grids` (`grid_id`, `container_id`, `parent_id`, `order`, `width`, `offset`, `user_class`, `omega`, `alpha`, `wrapper`, `content_align`, `html_element`, `clear`, `status`) VALUES (61,41,0,0,3,0,'top-links-grid',0,1,'','LEFT','div',0,'A');
REPLACE INTO `cscart_bm_grids` (`grid_id`, `container_id`, `parent_id`, `order`, `width`, `offset`, `user_class`, `omega`, `alpha`, `wrapper`, `content_align`, `html_element`, `clear`, `status`) VALUES (62,41,0,0,11,0,'top-links-grid',0,0,'','LEFT','div',0,'A');
REPLACE INTO `cscart_bm_grids` (`grid_id`, `container_id`, `parent_id`, `order`, `width`, `offset`, `user_class`, `omega`, `alpha`, `wrapper`, `content_align`, `html_element`, `clear`, `status`) VALUES (63,41,0,0,2,0,'',1,0,'','RIGHT','div',0,'A');
REPLACE INTO `cscart_bm_grids` (`grid_id`, `container_id`, `parent_id`, `order`, `width`, `offset`, `user_class`, `omega`, `alpha`, `wrapper`, `content_align`, `html_element`, `clear`, `status`) VALUES (64,42,0,0,5,0,'top-logo-grid',0,1,'','FULL_WIDTH','div',0,'A');
REPLACE INTO `cscart_bm_grids` (`grid_id`, `container_id`, `parent_id`, `order`, `width`, `offset`, `user_class`, `omega`, `alpha`, `wrapper`, `content_align`, `html_element`, `clear`, `status`) VALUES (65,42,0,0,6,0,'vendor-stores-block-grid',0,0,'','FULL_WIDTH','div',0,'A');
REPLACE INTO `cscart_bm_grids` (`grid_id`, `container_id`, `parent_id`, `order`, `width`, `offset`, `user_class`, `omega`, `alpha`, `wrapper`, `content_align`, `html_element`, `clear`, `status`) VALUES (66,42,0,0,5,0,'cart-content-grid',1,0,'','RIGHT','div',1,'A');
REPLACE INTO `cscart_bm_grids` (`grid_id`, `container_id`, `parent_id`, `order`, `width`, `offset`, `user_class`, `omega`, `alpha`, `wrapper`, `content_align`, `html_element`, `clear`, `status`) VALUES (67,42,0,0,16,0,'vendor-info-grid',1,1,'','FULL_WIDTH','div',1,'A');
REPLACE INTO `cscart_bm_grids` (`grid_id`, `container_id`, `parent_id`, `order`, `width`, `offset`, `user_class`, `omega`, `alpha`, `wrapper`, `content_align`, `html_element`, `clear`, `status`) VALUES (68,42,67,0,4,0,'vendor-logo-grid',0,1,'','FULL_WIDTH','div',0,'A');
REPLACE INTO `cscart_bm_grids` (`grid_id`, `container_id`, `parent_id`, `order`, `width`, `offset`, `user_class`, `omega`, `alpha`, `wrapper`, `content_align`, `html_element`, `clear`, `status`) VALUES (69,42,67,0,6,0,'vendor-search-grid',0,0,'','FULL_WIDTH','div',0,'A');
REPLACE INTO `cscart_bm_grids` (`grid_id`, `container_id`, `parent_id`, `order`, `width`, `offset`, `user_class`, `omega`, `alpha`, `wrapper`, `content_align`, `html_element`, `clear`, `status`) VALUES (70,42,67,0,6,0,'vendor-information-grid',1,0,'','FULL_WIDTH','div',1,'A');
REPLACE INTO `cscart_bm_grids` (`grid_id`, `container_id`, `parent_id`, `order`, `width`, `offset`, `user_class`, `omega`, `alpha`, `wrapper`, `content_align`, `html_element`, `clear`, `status`) VALUES (71,43,0,0,16,0,'breadcrumbs-grid',1,1,'','FULL_WIDTH','div',1,'A');
REPLACE INTO `cscart_bm_grids` (`grid_id`, `container_id`, `parent_id`, `order`, `width`, `offset`, `user_class`, `omega`, `alpha`, `wrapper`, `content_align`, `html_element`, `clear`, `status`) VALUES (72,43,0,1,4,0,'side-grid',0,1,'','FULL_WIDTH','div',0,'A');
REPLACE INTO `cscart_bm_grids` (`grid_id`, `container_id`, `parent_id`, `order`, `width`, `offset`, `user_class`, `omega`, `alpha`, `wrapper`, `content_align`, `html_element`, `clear`, `status`) VALUES (73,43,0,2,12,0,'main-content-grid',1,0,'','FULL_WIDTH','div',1,'A');
REPLACE INTO `cscart_bm_grids` (`grid_id`, `container_id`, `parent_id`, `order`, `width`, `offset`, `user_class`, `omega`, `alpha`, `wrapper`, `content_align`, `html_element`, `clear`, `status`) VALUES (74,47,0,0,16,0,'breadcrumbs-grid',1,1,'','FULL_WIDTH','div',1,'A');
REPLACE INTO `cscart_bm_grids` (`grid_id`, `container_id`, `parent_id`, `order`, `width`, `offset`, `user_class`, `omega`, `alpha`, `wrapper`, `content_align`, `html_element`, `clear`, `status`) VALUES (75,47,0,0,8,0,'main-content-grid',0,1,'','FULL_WIDTH','div',0,'A');
REPLACE INTO `cscart_bm_grids` (`grid_id`, `container_id`, `parent_id`, `order`, `width`, `offset`, `user_class`, `omega`, `alpha`, `wrapper`, `content_align`, `html_element`, `clear`, `status`) VALUES (76,47,0,0,8,0,'ty-vendor-account-information-grid',1,0,'','FULL_WIDTH','div',1,'A');
REPLACE INTO `cscart_bm_grids` (`grid_id`, `container_id`, `parent_id`, `order`, `width`, `offset`, `user_class`, `omega`, `alpha`, `wrapper`, `content_align`, `html_element`, `clear`, `status`) VALUES (77,49,0,0,16,0,'',0,0,'','FULL_WIDTH','div',0,'A');
REPLACE INTO `cscart_bm_grids` (`grid_id`, `container_id`, `parent_id`, `order`, `width`, `offset`, `user_class`, `omega`, `alpha`, `wrapper`, `content_align`, `html_element`, `clear`, `status`) VALUES (78,51,0,0,16,0,'breadcrumbs-grid',1,1,'','FULL_WIDTH','div',1,'A');
REPLACE INTO `cscart_bm_grids` (`grid_id`, `container_id`, `parent_id`, `order`, `width`, `offset`, `user_class`, `omega`, `alpha`, `wrapper`, `content_align`, `html_element`, `clear`, `status`) VALUES (79,51,0,0,4,0,'side-grid',0,1,'','FULL_WIDTH','div',0,'A');
REPLACE INTO `cscart_bm_grids` (`grid_id`, `container_id`, `parent_id`, `order`, `width`, `offset`, `user_class`, `omega`, `alpha`, `wrapper`, `content_align`, `html_element`, `clear`, `status`) VALUES (80,51,0,0,12,0,'main-content-grid',1,0,'','FULL_WIDTH','div',1,'A');
REPLACE INTO `cscart_bm_grids` (`grid_id`, `container_id`, `parent_id`, `order`, `width`, `offset`, `user_class`, `omega`, `alpha`, `wrapper`, `content_align`, `html_element`, `clear`, `status`) VALUES (81,52,0,0,16,0,'',0,0,'','FULL_WIDTH','div',0,'A');
REPLACE INTO `cscart_bm_grids` (`grid_id`, `container_id`, `parent_id`, `order`, `width`, `offset`, `user_class`, `omega`, `alpha`, `wrapper`, `content_align`, `html_element`, `clear`, `status`) VALUES (82,55,0,0,16,0,'main-content-grid',1,1,'','FULL_WIDTH','div',1,'A');
REPLACE INTO `cscart_bm_grids` (`grid_id`, `container_id`, `parent_id`, `order`, `width`, `offset`, `user_class`, `omega`, `alpha`, `wrapper`, `content_align`, `html_element`, `clear`, `status`) VALUES (83,59,0,0,16,0,'breadcrumbs-grid',1,1,'','FULL_WIDTH','div',1,'A');
REPLACE INTO `cscart_bm_grids` (`grid_id`, `container_id`, `parent_id`, `order`, `width`, `offset`, `user_class`, `omega`, `alpha`, `wrapper`, `content_align`, `html_element`, `clear`, `status`) VALUES (84,59,0,0,16,0,'main-content-grid',1,1,'','FULL_WIDTH','div',0,'A');
REPLACE INTO `cscart_bm_grids` (`grid_id`, `container_id`, `parent_id`, `order`, `width`, `offset`, `user_class`, `omega`, `alpha`, `wrapper`, `content_align`, `html_element`, `clear`, `status`) VALUES (151,135,0,0,3,0,'',1,0,'','FULL_WIDTH','div',0,'A');
REPLACE INTO `cscart_bm_grids` (`grid_id`, `container_id`, `parent_id`, `order`, `width`, `offset`, `user_class`, `omega`, `alpha`, `wrapper`, `content_align`, `html_element`, `clear`, `status`) VALUES (150,135,0,0,13,0,'ty-blog-grid',0,1,'','FULL_WIDTH','div',0,'A');
REPLACE INTO `cscart_bm_grids` (`grid_id`, `container_id`, `parent_id`, `order`, `width`, `offset`, `user_class`, `omega`, `alpha`, `wrapper`, `content_align`, `html_element`, `clear`, `status`) VALUES (149,135,0,0,16,0,'',1,1,'','FULL_WIDTH','div',1,'A');
REPLACE INTO `cscart_bm_grids` (`grid_id`, `container_id`, `parent_id`, `order`, `width`, `offset`, `user_class`, `omega`, `alpha`, `wrapper`, `content_align`, `html_element`, `clear`, `status`) VALUES (88,66,0,0,16,0,'search-widget-block-grid',1,1,'','FULL_WIDTH','div',1,'A');
REPLACE INTO `cscart_bm_grids` (`grid_id`, `container_id`, `parent_id`, `order`, `width`, `offset`, `user_class`, `omega`, `alpha`, `wrapper`, `content_align`, `html_element`, `clear`, `status`) VALUES (89,66,0,0,4,0,'',0,1,'','LEFT','div',0,'A');
REPLACE INTO `cscart_bm_grids` (`grid_id`, `container_id`, `parent_id`, `order`, `width`, `offset`, `user_class`, `omega`, `alpha`, `wrapper`, `content_align`, `html_element`, `clear`, `status`) VALUES (90,66,0,0,12,0,'cart-content-grid',1,0,'','RIGHT','div',1,'A');
REPLACE INTO `cscart_bm_grids` (`grid_id`, `container_id`, `parent_id`, `order`, `width`, `offset`, `user_class`, `omega`, `alpha`, `wrapper`, `content_align`, `html_element`, `clear`, `status`) VALUES (91,66,0,0,16,0,'top-menu-grid',1,1,'','FULL_WIDTH','div',1,'A');
REPLACE INTO `cscart_bm_grids` (`grid_id`, `container_id`, `parent_id`, `order`, `width`, `offset`, `user_class`, `omega`, `alpha`, `wrapper`, `content_align`, `html_element`, `clear`, `status`) VALUES (92,67,0,0,16,0,'breadcrumbs-grid',1,1,'','FULL_WIDTH','div',1,'A');
REPLACE INTO `cscart_bm_grids` (`grid_id`, `container_id`, `parent_id`, `order`, `width`, `offset`, `user_class`, `omega`, `alpha`, `wrapper`, `content_align`, `html_element`, `clear`, `status`) VALUES (93,67,0,0,16,0,'main-content-grid',1,1,'','FULL_WIDTH','div',1,'A');
REPLACE INTO `cscart_bm_grids` (`grid_id`, `container_id`, `parent_id`, `order`, `width`, `offset`, `user_class`, `omega`, `alpha`, `wrapper`, `content_align`, `html_element`, `clear`, `status`) VALUES (94,71,0,0,16,0,'',1,1,'','FULL_WIDTH','div',1,'A');
REPLACE INTO `cscart_bm_grids` (`grid_id`, `container_id`, `parent_id`, `order`, `width`, `offset`, `user_class`, `omega`, `alpha`, `wrapper`, `content_align`, `html_element`, `clear`, `status`) VALUES (95,71,94,0,10,0,'',0,1,'','FULL_WIDTH','div',0,'A');
REPLACE INTO `cscart_bm_grids` (`grid_id`, `container_id`, `parent_id`, `order`, `width`, `offset`, `user_class`, `omega`, `alpha`, `wrapper`, `content_align`, `html_element`, `clear`, `status`) VALUES (96,71,94,0,6,0,'',1,0,'','FULL_WIDTH','div',1,'A');
REPLACE INTO `cscart_bm_grids` (`grid_id`, `container_id`, `parent_id`, `order`, `width`, `offset`, `user_class`, `omega`, `alpha`, `wrapper`, `content_align`, `html_element`, `clear`, `status`) VALUES (97,71,0,0,16,0,'',1,1,'','FULL_WIDTH','div',1,'A');
REPLACE INTO `cscart_bm_grids` (`grid_id`, `container_id`, `parent_id`, `order`, `width`, `offset`, `user_class`, `omega`, `alpha`, `wrapper`, `content_align`, `html_element`, `clear`, `status`) VALUES (98,71,0,0,8,0,'',0,1,'','FULL_WIDTH','div',0,'A');
REPLACE INTO `cscart_bm_grids` (`grid_id`, `container_id`, `parent_id`, `order`, `width`, `offset`, `user_class`, `omega`, `alpha`, `wrapper`, `content_align`, `html_element`, `clear`, `status`) VALUES (99,71,0,0,8,0,'',1,0,'','FULL_WIDTH','div',1,'A');
REPLACE INTO `cscart_bm_grids` (`grid_id`, `container_id`, `parent_id`, `order`, `width`, `offset`, `user_class`, `omega`, `alpha`, `wrapper`, `content_align`, `html_element`, `clear`, `status`) VALUES (100,71,0,0,16,0,'',1,1,'','FULL_WIDTH','div',1,'A');
REPLACE INTO `cscart_bm_grids` (`grid_id`, `container_id`, `parent_id`, `order`, `width`, `offset`, `user_class`, `omega`, `alpha`, `wrapper`, `content_align`, `html_element`, `clear`, `status`) VALUES (101,73,0,0,16,0,'',0,0,'','FULL_WIDTH','div',0,'A');
REPLACE INTO `cscart_bm_grids` (`grid_id`, `container_id`, `parent_id`, `order`, `width`, `offset`, `user_class`, `omega`, `alpha`, `wrapper`, `content_align`, `html_element`, `clear`, `status`) VALUES (102,75,0,0,16,0,'breadcrumbs-grid',1,1,'','FULL_WIDTH','div',1,'A');
REPLACE INTO `cscart_bm_grids` (`grid_id`, `container_id`, `parent_id`, `order`, `width`, `offset`, `user_class`, `omega`, `alpha`, `wrapper`, `content_align`, `html_element`, `clear`, `status`) VALUES (103,75,0,0,16,0,'main-content-grid',1,1,'','FULL_WIDTH','div',1,'A');
REPLACE INTO `cscart_bm_grids` (`grid_id`, `container_id`, `parent_id`, `order`, `width`, `offset`, `user_class`, `omega`, `alpha`, `wrapper`, `content_align`, `html_element`, `clear`, `status`) VALUES (104,75,0,0,9,0,'',0,1,'','FULL_WIDTH','div',0,'A');
REPLACE INTO `cscart_bm_grids` (`grid_id`, `container_id`, `parent_id`, `order`, `width`, `offset`, `user_class`, `omega`, `alpha`, `wrapper`, `content_align`, `html_element`, `clear`, `status`) VALUES (105,75,0,0,7,0,'',1,0,'','FULL_WIDTH','div',1,'A');
REPLACE INTO `cscart_bm_grids` (`grid_id`, `container_id`, `parent_id`, `order`, `width`, `offset`, `user_class`, `omega`, `alpha`, `wrapper`, `content_align`, `html_element`, `clear`, `status`) VALUES (106,76,0,0,16,0,'',0,0,'','FULL_WIDTH','div',0,'A');
REPLACE INTO `cscart_bm_grids` (`grid_id`, `container_id`, `parent_id`, `order`, `width`, `offset`, `user_class`, `omega`, `alpha`, `wrapper`, `content_align`, `html_element`, `clear`, `status`) VALUES (107,77,0,0,16,0,'',0,0,'','FULL_WIDTH','div',0,'A');
REPLACE INTO `cscart_bm_grids` (`grid_id`, `container_id`, `parent_id`, `order`, `width`, `offset`, `user_class`, `omega`, `alpha`, `wrapper`, `content_align`, `html_element`, `clear`, `status`) VALUES (108,79,0,0,16,0,'breadcrumbs-grid',1,1,'','FULL_WIDTH','div',1,'A');
REPLACE INTO `cscart_bm_grids` (`grid_id`, `container_id`, `parent_id`, `order`, `width`, `offset`, `user_class`, `omega`, `alpha`, `wrapper`, `content_align`, `html_element`, `clear`, `status`) VALUES (109,79,0,0,4,0,'side-grid',0,1,'','FULL_WIDTH','div',0,'A');
REPLACE INTO `cscart_bm_grids` (`grid_id`, `container_id`, `parent_id`, `order`, `width`, `offset`, `user_class`, `omega`, `alpha`, `wrapper`, `content_align`, `html_element`, `clear`, `status`) VALUES (110,79,0,0,12,0,'main-content-grid',1,0,'','FULL_WIDTH','div',1,'A');
REPLACE INTO `cscart_bm_grids` (`grid_id`, `container_id`, `parent_id`, `order`, `width`, `offset`, `user_class`, `omega`, `alpha`, `wrapper`, `content_align`, `html_element`, `clear`, `status`) VALUES (111,80,0,0,16,0,'',0,0,'','FULL_WIDTH','div',0,'A');
REPLACE INTO `cscart_bm_grids` (`grid_id`, `container_id`, `parent_id`, `order`, `width`, `offset`, `user_class`, `omega`, `alpha`, `wrapper`, `content_align`, `html_element`, `clear`, `status`) VALUES (112,81,0,0,16,0,'',1,1,'','FULL_WIDTH','div',0,'A');
REPLACE INTO `cscart_bm_grids` (`grid_id`, `container_id`, `parent_id`, `order`, `width`, `offset`, `user_class`, `omega`, `alpha`, `wrapper`, `content_align`, `html_element`, `clear`, `status`) VALUES (113,83,0,0,16,0,'breadcrumbs-grid',1,1,'','FULL_WIDTH','div',1,'A');
REPLACE INTO `cscart_bm_grids` (`grid_id`, `container_id`, `parent_id`, `order`, `width`, `offset`, `user_class`, `omega`, `alpha`, `wrapper`, `content_align`, `html_element`, `clear`, `status`) VALUES (114,83,0,0,16,0,'main-content-grid',1,1,'','FULL_WIDTH','div',1,'A');
REPLACE INTO `cscart_bm_grids` (`grid_id`, `container_id`, `parent_id`, `order`, `width`, `offset`, `user_class`, `omega`, `alpha`, `wrapper`, `content_align`, `html_element`, `clear`, `status`) VALUES (115,84,0,0,16,0,'',0,0,'','FULL_WIDTH','div',0,'A');
REPLACE INTO `cscart_bm_grids` (`grid_id`, `container_id`, `parent_id`, `order`, `width`, `offset`, `user_class`, `omega`, `alpha`, `wrapper`, `content_align`, `html_element`, `clear`, `status`) VALUES (116,85,0,0,16,0,'',0,0,'','FULL_WIDTH','div',0,'A');
REPLACE INTO `cscart_bm_grids` (`grid_id`, `container_id`, `parent_id`, `order`, `width`, `offset`, `user_class`, `omega`, `alpha`, `wrapper`, `content_align`, `html_element`, `clear`, `status`) VALUES (117,87,0,0,12,0,'main-content-grid',0,1,'','FULL_WIDTH','div',0,'A');
REPLACE INTO `cscart_bm_grids` (`grid_id`, `container_id`, `parent_id`, `order`, `width`, `offset`, `user_class`, `omega`, `alpha`, `wrapper`, `content_align`, `html_element`, `clear`, `status`) VALUES (118,87,0,0,4,0,'side-grid',1,0,'','FULL_WIDTH','div',1,'A');
REPLACE INTO `cscart_bm_grids` (`grid_id`, `container_id`, `parent_id`, `order`, `width`, `offset`, `user_class`, `omega`, `alpha`, `wrapper`, `content_align`, `html_element`, `clear`, `status`) VALUES (119,88,0,0,16,0,'',0,0,'','FULL_WIDTH','div',0,'A');
REPLACE INTO `cscart_bm_grids` (`grid_id`, `container_id`, `parent_id`, `order`, `width`, `offset`, `user_class`, `omega`, `alpha`, `wrapper`, `content_align`, `html_element`, `clear`, `status`) VALUES (120,91,0,0,16,0,'breadcrumbs-grid',1,1,'','FULL_WIDTH','div',1,'A');
REPLACE INTO `cscart_bm_grids` (`grid_id`, `container_id`, `parent_id`, `order`, `width`, `offset`, `user_class`, `omega`, `alpha`, `wrapper`, `content_align`, `html_element`, `clear`, `status`) VALUES (121,91,0,0,8,0,'main-content-grid',0,1,'','FULL_WIDTH','div',0,'A');
REPLACE INTO `cscart_bm_grids` (`grid_id`, `container_id`, `parent_id`, `order`, `width`, `offset`, `user_class`, `omega`, `alpha`, `wrapper`, `content_align`, `html_element`, `clear`, `status`) VALUES (122,91,0,0,8,0,'auth-information-grid',1,0,'','FULL_WIDTH','div',1,'A');
REPLACE INTO `cscart_bm_grids` (`grid_id`, `container_id`, `parent_id`, `order`, `width`, `offset`, `user_class`, `omega`, `alpha`, `wrapper`, `content_align`, `html_element`, `clear`, `status`) VALUES (123,95,0,0,16,0,'breadcrumbs-grid',1,1,'','FULL_WIDTH','div',1,'A');
REPLACE INTO `cscart_bm_grids` (`grid_id`, `container_id`, `parent_id`, `order`, `width`, `offset`, `user_class`, `omega`, `alpha`, `wrapper`, `content_align`, `html_element`, `clear`, `status`) VALUES (124,95,0,0,8,0,'main-content-grid',0,1,'','FULL_WIDTH','div',0,'A');
REPLACE INTO `cscart_bm_grids` (`grid_id`, `container_id`, `parent_id`, `order`, `width`, `offset`, `user_class`, `omega`, `alpha`, `wrapper`, `content_align`, `html_element`, `clear`, `status`) VALUES (125,95,0,0,8,0,'profile-information-grid',1,0,'','FULL_WIDTH','div',1,'A');
REPLACE INTO `cscart_bm_grids` (`grid_id`, `container_id`, `parent_id`, `order`, `width`, `offset`, `user_class`, `omega`, `alpha`, `wrapper`, `content_align`, `html_element`, `clear`, `status`) VALUES (126,99,0,0,16,0,'main-content-grid',1,1,'','FULL_WIDTH','div',1,'A');
REPLACE INTO `cscart_bm_grids` (`grid_id`, `container_id`, `parent_id`, `order`, `width`, `offset`, `user_class`, `omega`, `alpha`, `wrapper`, `content_align`, `html_element`, `clear`, `status`) VALUES (127,101,0,0,16,0,'',0,0,'','FULL_WIDTH','div',0,'A');
REPLACE INTO `cscart_bm_grids` (`grid_id`, `container_id`, `parent_id`, `order`, `width`, `offset`, `user_class`, `omega`, `alpha`, `wrapper`, `content_align`, `html_element`, `clear`, `status`) VALUES (128,103,0,0,16,0,'main-content-grid',1,1,'','FULL_WIDTH','div',1,'A');
REPLACE INTO `cscart_bm_grids` (`grid_id`, `container_id`, `parent_id`, `order`, `width`, `offset`, `user_class`, `omega`, `alpha`, `wrapper`, `content_align`, `html_element`, `clear`, `status`) VALUES (129,104,0,0,16,0,'',0,0,'','FULL_WIDTH','div',0,'A');
REPLACE INTO `cscart_bm_grids` (`grid_id`, `container_id`, `parent_id`, `order`, `width`, `offset`, `user_class`, `omega`, `alpha`, `wrapper`, `content_align`, `html_element`, `clear`, `status`) VALUES (130,105,0,0,16,0,'',0,0,'','FULL_WIDTH','div',0,'A');
REPLACE INTO `cscart_bm_grids` (`grid_id`, `container_id`, `parent_id`, `order`, `width`, `offset`, `user_class`, `omega`, `alpha`, `wrapper`, `content_align`, `html_element`, `clear`, `status`) VALUES (131,107,0,0,16,0,'breadcrumbs-grid',1,1,'','FULL_WIDTH','div',1,'A');
REPLACE INTO `cscart_bm_grids` (`grid_id`, `container_id`, `parent_id`, `order`, `width`, `offset`, `user_class`, `omega`, `alpha`, `wrapper`, `content_align`, `html_element`, `clear`, `status`) VALUES (132,107,0,0,4,0,'side-grid',0,1,'','FULL_WIDTH','div',0,'D');
REPLACE INTO `cscart_bm_grids` (`grid_id`, `container_id`, `parent_id`, `order`, `width`, `offset`, `user_class`, `omega`, `alpha`, `wrapper`, `content_align`, `html_element`, `clear`, `status`) VALUES (133,107,0,0,12,0,'main-content-grid',1,0,'','FULL_WIDTH','div',1,'A');
REPLACE INTO `cscart_bm_grids` (`grid_id`, `container_id`, `parent_id`, `order`, `width`, `offset`, `user_class`, `omega`, `alpha`, `wrapper`, `content_align`, `html_element`, `clear`, `status`) VALUES (134,108,0,0,16,0,'',0,0,'','FULL_WIDTH','div',0,'A');
REPLACE INTO `cscart_bm_grids` (`grid_id`, `container_id`, `parent_id`, `order`, `width`, `offset`, `user_class`, `omega`, `alpha`, `wrapper`, `content_align`, `html_element`, `clear`, `status`) VALUES (135,111,0,0,16,0,'main-content-grid',1,1,'','FULL_WIDTH','div',1,'A');
REPLACE INTO `cscart_bm_grids` (`grid_id`, `container_id`, `parent_id`, `order`, `width`, `offset`, `user_class`, `omega`, `alpha`, `wrapper`, `content_align`, `html_element`, `clear`, `status`) VALUES (154,139,0,0,3,0,'',1,0,'','FULL_WIDTH','div',0,'A');
REPLACE INTO `cscart_bm_grids` (`grid_id`, `container_id`, `parent_id`, `order`, `width`, `offset`, `user_class`, `omega`, `alpha`, `wrapper`, `content_align`, `html_element`, `clear`, `status`) VALUES (153,139,0,0,13,0,'ty-blog-grid',0,1,'','FULL_WIDTH','div',0,'A');
REPLACE INTO `cscart_bm_grids` (`grid_id`, `container_id`, `parent_id`, `order`, `width`, `offset`, `user_class`, `omega`, `alpha`, `wrapper`, `content_align`, `html_element`, `clear`, `status`) VALUES (152,139,0,0,16,0,'',1,1,'','FULL_WIDTH','div',1,'A');
REPLACE INTO `cscart_bm_grids` (`grid_id`, `container_id`, `parent_id`, `order`, `width`, `offset`, `user_class`, `omega`, `alpha`, `wrapper`, `content_align`, `html_element`, `clear`, `status`) VALUES (139,119,0,0,16,0,'',1,1,'','FULL_WIDTH','div',1,'A');
REPLACE INTO `cscart_bm_grids` (`grid_id`, `container_id`, `parent_id`, `order`, `width`, `offset`, `user_class`, `omega`, `alpha`, `wrapper`, `content_align`, `html_element`, `clear`, `status`) VALUES (140,119,0,0,16,0,'',1,1,'','FULL_WIDTH','div',0,'A');
REPLACE INTO `cscart_bm_grids` (`grid_id`, `container_id`, `parent_id`, `order`, `width`, `offset`, `user_class`, `omega`, `alpha`, `wrapper`, `content_align`, `html_element`, `clear`, `status`) VALUES (141,123,0,0,16,0,'',1,1,'','FULL_WIDTH','div',1,'A');
REPLACE INTO `cscart_bm_grids` (`grid_id`, `container_id`, `parent_id`, `order`, `width`, `offset`, `user_class`, `omega`, `alpha`, `wrapper`, `content_align`, `html_element`, `clear`, `status`) VALUES (142,123,0,0,16,0,'',1,1,'','FULL_WIDTH','div',0,'A');
REPLACE INTO `cscart_bm_grids` (`grid_id`, `container_id`, `parent_id`, `order`, `width`, `offset`, `user_class`, `omega`, `alpha`, `wrapper`, `content_align`, `html_element`, `clear`, `status`) VALUES (143,127,0,0,16,0,'breadcrumbs-grid',1,1,'','FULL_WIDTH','div',1,'A');
REPLACE INTO `cscart_bm_grids` (`grid_id`, `container_id`, `parent_id`, `order`, `width`, `offset`, `user_class`, `omega`, `alpha`, `wrapper`, `content_align`, `html_element`, `clear`, `status`) VALUES (144,127,0,0,8,0,'main-content-grid',0,1,'','FULL_WIDTH','div',0,'A');
REPLACE INTO `cscart_bm_grids` (`grid_id`, `container_id`, `parent_id`, `order`, `width`, `offset`, `user_class`, `omega`, `alpha`, `wrapper`, `content_align`, `html_element`, `clear`, `status`) VALUES (145,127,0,0,8,0,'certificates-verify-grid',1,0,'','RIGHT','div',0,'A');
REPLACE INTO `cscart_bm_grids` (`grid_id`, `container_id`, `parent_id`, `order`, `width`, `offset`, `user_class`, `omega`, `alpha`, `wrapper`, `content_align`, `html_element`, `clear`, `status`) VALUES (146,131,0,0,16,0,'breadcrumbs-grid',1,1,'','FULL_WIDTH','div',1,'A');
REPLACE INTO `cscart_bm_grids` (`grid_id`, `container_id`, `parent_id`, `order`, `width`, `offset`, `user_class`, `omega`, `alpha`, `wrapper`, `content_align`, `html_element`, `clear`, `status`) VALUES (147,131,0,0,8,0,'main-content-grid',0,1,'','FULL_WIDTH','div',0,'A');
REPLACE INTO `cscart_bm_grids` (`grid_id`, `container_id`, `parent_id`, `order`, `width`, `offset`, `user_class`, `omega`, `alpha`, `wrapper`, `content_align`, `html_element`, `clear`, `status`) VALUES (148,131,0,0,8,0,'certificates-verify-grid',1,0,'','RIGHT','div',0,'A');
REPLACE INTO `cscart_bm_grids` (`grid_id`, `container_id`, `parent_id`, `order`, `width`, `offset`, `user_class`, `omega`, `alpha`, `wrapper`, `content_align`, `html_element`, `clear`, `status`) VALUES (157,7,0,7,16,0,'',1,1,'','FULL_WIDTH','div',1,'A');
REPLACE INTO `cscart_bm_grids` (`grid_id`, `container_id`, `parent_id`, `order`, `width`, `offset`, `user_class`, `omega`, `alpha`, `wrapper`, `content_align`, `html_element`, `clear`, `status`) VALUES (158,143,0,0,11,0,'',0,1,'','FULL_WIDTH','div',0,'A');
REPLACE INTO `cscart_bm_grids` (`grid_id`, `container_id`, `parent_id`, `order`, `width`, `offset`, `user_class`, `omega`, `alpha`, `wrapper`, `content_align`, `html_element`, `clear`, `status`) VALUES (159,143,0,0,5,0,'',1,0,'','FULL_WIDTH','div',0,'A');
REPLACE INTO `cscart_bm_grids` (`grid_id`, `container_id`, `parent_id`, `order`, `width`, `offset`, `user_class`, `omega`, `alpha`, `wrapper`, `content_align`, `html_element`, `clear`, `status`) VALUES (160,147,0,0,11,0,'',0,1,'','FULL_WIDTH','div',0,'A');
REPLACE INTO `cscart_bm_grids` (`grid_id`, `container_id`, `parent_id`, `order`, `width`, `offset`, `user_class`, `omega`, `alpha`, `wrapper`, `content_align`, `html_element`, `clear`, `status`) VALUES (161,147,0,0,5,0,'',1,0,'','FULL_WIDTH','div',0,'A');

REPLACE INTO `cscart_bm_layouts` (`layout_id`, `name`, `is_default`, `width`, `layout_width`, `min_width`, `max_width`, `theme_name`, `style_id`) VALUES (1,'Main',1,16,'fluid',280,1200,'bright_theme','Bright_theme');
REPLACE INTO `cscart_bm_layouts` (`layout_id`, `name`, `is_default`, `width`, `layout_width`, `min_width`, `max_width`, `theme_name`, `style_id`) VALUES (2,'Widget mode',0,16,'fluid',280,1200,'bright_theme','Bright_theme');

REPLACE INTO `cscart_bm_locations` (`location_id`, `dispatch`, `is_default`, `layout_id`, `object_ids`, `custom_html`, `position`) VALUES (1,'default',1,1,'','',10);
REPLACE INTO `cscart_bm_locations` (`location_id`, `dispatch`, `is_default`, `layout_id`, `object_ids`, `custom_html`, `position`) VALUES (2,'index.index',0,1,'','',20);
REPLACE INTO `cscart_bm_locations` (`location_id`, `dispatch`, `is_default`, `layout_id`, `object_ids`, `custom_html`, `position`) VALUES (3,'products.view',0,1,'','',30);
REPLACE INTO `cscart_bm_locations` (`location_id`, `dispatch`, `is_default`, `layout_id`, `object_ids`, `custom_html`, `position`) VALUES (4,'categories.view',0,1,'','',40);
REPLACE INTO `cscart_bm_locations` (`location_id`, `dispatch`, `is_default`, `layout_id`, `object_ids`, `custom_html`, `position`) VALUES (5,'checkout.cart',0,1,'','',50);
REPLACE INTO `cscart_bm_locations` (`location_id`, `dispatch`, `is_default`, `layout_id`, `object_ids`, `custom_html`, `position`) VALUES (6,'checkout',0,1,'','',60);
REPLACE INTO `cscart_bm_locations` (`location_id`, `dispatch`, `is_default`, `layout_id`, `object_ids`, `custom_html`, `position`) VALUES (7,'auth',0,1,'','',70);
REPLACE INTO `cscart_bm_locations` (`location_id`, `dispatch`, `is_default`, `layout_id`, `object_ids`, `custom_html`, `position`) VALUES (8,'profiles',0,1,'','',80);
REPLACE INTO `cscart_bm_locations` (`location_id`, `dispatch`, `is_default`, `layout_id`, `object_ids`, `custom_html`, `position`) VALUES (9,'profiles.success_add',0,1,'','',90);
REPLACE INTO `cscart_bm_locations` (`location_id`, `dispatch`, `is_default`, `layout_id`, `object_ids`, `custom_html`, `position`) VALUES (10,'checkout.complete',0,1,'','',100);
REPLACE INTO `cscart_bm_locations` (`location_id`, `dispatch`, `is_default`, `layout_id`, `object_ids`, `custom_html`, `position`) VALUES (11,'companies.products',0,1,'','',110);
REPLACE INTO `cscart_bm_locations` (`location_id`, `dispatch`, `is_default`, `layout_id`, `object_ids`, `custom_html`, `position`) VALUES (12,'companies.apply_for_vendor',0,1,'','',120);
REPLACE INTO `cscart_bm_locations` (`location_id`, `dispatch`, `is_default`, `layout_id`, `object_ids`, `custom_html`, `position`) VALUES (13,'pages.view',0,1,'','',110);
REPLACE INTO `cscart_bm_locations` (`location_id`, `dispatch`, `is_default`, `layout_id`, `object_ids`, `custom_html`, `position`) VALUES (14,'no_page',0,1,'','',160);
REPLACE INTO `cscart_bm_locations` (`location_id`, `dispatch`, `is_default`, `layout_id`, `object_ids`, `custom_html`, `position`) VALUES (15,'products.search',0,1,'','',170);
REPLACE INTO `cscart_bm_locations` (`location_id`, `dispatch`, `is_default`, `layout_id`, `object_ids`, `custom_html`, `position`) VALUES (35,'pages.view?page_type=B',0,2,'','',170);
REPLACE INTO `cscart_bm_locations` (`location_id`, `dispatch`, `is_default`, `layout_id`, `object_ids`, `custom_html`, `position`) VALUES (17,'default',1,2,'','',10);
REPLACE INTO `cscart_bm_locations` (`location_id`, `dispatch`, `is_default`, `layout_id`, `object_ids`, `custom_html`, `position`) VALUES (18,'index.index',0,2,'','',20);
REPLACE INTO `cscart_bm_locations` (`location_id`, `dispatch`, `is_default`, `layout_id`, `object_ids`, `custom_html`, `position`) VALUES (19,'products.view',0,2,'','',30);
REPLACE INTO `cscart_bm_locations` (`location_id`, `dispatch`, `is_default`, `layout_id`, `object_ids`, `custom_html`, `position`) VALUES (20,'categories.view',0,2,'','',40);
REPLACE INTO `cscart_bm_locations` (`location_id`, `dispatch`, `is_default`, `layout_id`, `object_ids`, `custom_html`, `position`) VALUES (21,'checkout.cart',0,2,'','',50);
REPLACE INTO `cscart_bm_locations` (`location_id`, `dispatch`, `is_default`, `layout_id`, `object_ids`, `custom_html`, `position`) VALUES (22,'checkout',0,2,'','',60);
REPLACE INTO `cscart_bm_locations` (`location_id`, `dispatch`, `is_default`, `layout_id`, `object_ids`, `custom_html`, `position`) VALUES (23,'auth',0,2,'','',70);
REPLACE INTO `cscart_bm_locations` (`location_id`, `dispatch`, `is_default`, `layout_id`, `object_ids`, `custom_html`, `position`) VALUES (24,'profiles',0,2,'','',80);
REPLACE INTO `cscart_bm_locations` (`location_id`, `dispatch`, `is_default`, `layout_id`, `object_ids`, `custom_html`, `position`) VALUES (25,'profiles.success_add',0,2,'','',90);
REPLACE INTO `cscart_bm_locations` (`location_id`, `dispatch`, `is_default`, `layout_id`, `object_ids`, `custom_html`, `position`) VALUES (26,'checkout.complete',0,2,'','',100);
REPLACE INTO `cscart_bm_locations` (`location_id`, `dispatch`, `is_default`, `layout_id`, `object_ids`, `custom_html`, `position`) VALUES (27,'pages.view',0,2,'','',110);
REPLACE INTO `cscart_bm_locations` (`location_id`, `dispatch`, `is_default`, `layout_id`, `object_ids`, `custom_html`, `position`) VALUES (28,'no_page',0,2,'','',160);
REPLACE INTO `cscart_bm_locations` (`location_id`, `dispatch`, `is_default`, `layout_id`, `object_ids`, `custom_html`, `position`) VALUES (30,'companies.vendor_plans',0,1,'','',180);
REPLACE INTO `cscart_bm_locations` (`location_id`, `dispatch`, `is_default`, `layout_id`, `object_ids`, `custom_html`, `position`) VALUES (31,'companies.vendor_plans',0,2,'','',180);
REPLACE INTO `cscart_bm_locations` (`location_id`, `dispatch`, `is_default`, `layout_id`, `object_ids`, `custom_html`, `position`) VALUES (32,'gift_certificates',0,1,'',NULL,130);
REPLACE INTO `cscart_bm_locations` (`location_id`, `dispatch`, `is_default`, `layout_id`, `object_ids`, `custom_html`, `position`) VALUES (33,'gift_certificates',0,2,'',NULL,130);
REPLACE INTO `cscart_bm_locations` (`location_id`, `dispatch`, `is_default`, `layout_id`, `object_ids`, `custom_html`, `position`) VALUES (34,'pages.view?page_type=B',0,1,'','',170);
REPLACE INTO `cscart_bm_locations` (`location_id`, `dispatch`, `is_default`, `layout_id`, `object_ids`, `custom_html`, `position`) VALUES (36,'paypal_adaptive.queue',0,1,'',NULL,170);
REPLACE INTO `cscart_bm_locations` (`location_id`, `dispatch`, `is_default`, `layout_id`, `object_ids`, `custom_html`, `position`) VALUES (37,'paypal_adaptive.queue',0,2,'',NULL,170);

REPLACE INTO `cscart_bm_locations_descriptions` (`location_id`, `lang_code`, `name`, `title`, `meta_description`, `meta_keywords`) VALUES (1,'en','Default','','','');
REPLACE INTO `cscart_bm_locations_descriptions` (`location_id`, `lang_code`, `name`, `title`, `meta_description`, `meta_keywords`) VALUES (2,'en','Homepage','Shopping Cart Software & Ecommerce Software Solutions by CS-Cart','Secure and full-featured Online Shopping Cart Software with the complete set of powerful ecommerce options to create your own online store with minimum efforts involved.','shopping cart, software, ecommerce software, online store');
REPLACE INTO `cscart_bm_locations_descriptions` (`location_id`, `lang_code`, `name`, `title`, `meta_description`, `meta_keywords`) VALUES (3,'en','Products','','','');
REPLACE INTO `cscart_bm_locations_descriptions` (`location_id`, `lang_code`, `name`, `title`, `meta_description`, `meta_keywords`) VALUES (4,'en','Categories','','','');
REPLACE INTO `cscart_bm_locations_descriptions` (`location_id`, `lang_code`, `name`, `title`, `meta_description`, `meta_keywords`) VALUES (5,'en','Cart','','','');
REPLACE INTO `cscart_bm_locations_descriptions` (`location_id`, `lang_code`, `name`, `title`, `meta_description`, `meta_keywords`) VALUES (6,'en','Checkout','','','');
REPLACE INTO `cscart_bm_locations_descriptions` (`location_id`, `lang_code`, `name`, `title`, `meta_description`, `meta_keywords`) VALUES (7,'en','Auth','','','');
REPLACE INTO `cscart_bm_locations_descriptions` (`location_id`, `lang_code`, `name`, `title`, `meta_description`, `meta_keywords`) VALUES (8,'en','Profiles','','','');
REPLACE INTO `cscart_bm_locations_descriptions` (`location_id`, `lang_code`, `name`, `title`, `meta_description`, `meta_keywords`) VALUES (9,'en','Successful registration','','','');
REPLACE INTO `cscart_bm_locations_descriptions` (`location_id`, `lang_code`, `name`, `title`, `meta_description`, `meta_keywords`) VALUES (10,'en','Order landing page','','','');
REPLACE INTO `cscart_bm_locations_descriptions` (`location_id`, `lang_code`, `name`, `title`, `meta_description`, `meta_keywords`) VALUES (11,'en','Vendor store','','','');
REPLACE INTO `cscart_bm_locations_descriptions` (`location_id`, `lang_code`, `name`, `title`, `meta_description`, `meta_keywords`) VALUES (12,'en','Vendor account','','','');
REPLACE INTO `cscart_bm_locations_descriptions` (`location_id`, `lang_code`, `name`, `title`, `meta_description`, `meta_keywords`) VALUES (13,'en','Pages','','','');
REPLACE INTO `cscart_bm_locations_descriptions` (`location_id`, `lang_code`, `name`, `title`, `meta_description`, `meta_keywords`) VALUES (14,'en','404','Страница не найдена','','');
REPLACE INTO `cscart_bm_locations_descriptions` (`location_id`, `lang_code`, `name`, `title`, `meta_description`, `meta_keywords`) VALUES (15,'en','Search results','','','');
REPLACE INTO `cscart_bm_locations_descriptions` (`location_id`, `lang_code`, `name`, `title`, `meta_description`, `meta_keywords`) VALUES (35,'en','Blog','','','');
REPLACE INTO `cscart_bm_locations_descriptions` (`location_id`, `lang_code`, `name`, `title`, `meta_description`, `meta_keywords`) VALUES (17,'en','Default','','','');
REPLACE INTO `cscart_bm_locations_descriptions` (`location_id`, `lang_code`, `name`, `title`, `meta_description`, `meta_keywords`) VALUES (18,'en','Homepage','Shopping Cart Software & Ecommerce Software Solutions by CS-Cart','Secure and full-featured Online Shopping Cart Software with the complete set of powerful ecommerce options to create your own online store with minimum efforts involved.','shopping cart, software, ecommerce software, online store');
REPLACE INTO `cscart_bm_locations_descriptions` (`location_id`, `lang_code`, `name`, `title`, `meta_description`, `meta_keywords`) VALUES (19,'en','Products','','','');
REPLACE INTO `cscart_bm_locations_descriptions` (`location_id`, `lang_code`, `name`, `title`, `meta_description`, `meta_keywords`) VALUES (20,'en','Categories','','','');
REPLACE INTO `cscart_bm_locations_descriptions` (`location_id`, `lang_code`, `name`, `title`, `meta_description`, `meta_keywords`) VALUES (21,'en','Cart','','','');
REPLACE INTO `cscart_bm_locations_descriptions` (`location_id`, `lang_code`, `name`, `title`, `meta_description`, `meta_keywords`) VALUES (22,'en','Checkout','','','');
REPLACE INTO `cscart_bm_locations_descriptions` (`location_id`, `lang_code`, `name`, `title`, `meta_description`, `meta_keywords`) VALUES (23,'en','Auth','','','');
REPLACE INTO `cscart_bm_locations_descriptions` (`location_id`, `lang_code`, `name`, `title`, `meta_description`, `meta_keywords`) VALUES (24,'en','Profiles','','','');
REPLACE INTO `cscart_bm_locations_descriptions` (`location_id`, `lang_code`, `name`, `title`, `meta_description`, `meta_keywords`) VALUES (25,'en','Successful registration','','','');
REPLACE INTO `cscart_bm_locations_descriptions` (`location_id`, `lang_code`, `name`, `title`, `meta_description`, `meta_keywords`) VALUES (26,'en','Order landing page','','','');
REPLACE INTO `cscart_bm_locations_descriptions` (`location_id`, `lang_code`, `name`, `title`, `meta_description`, `meta_keywords`) VALUES (27,'en','Pages','','','');
REPLACE INTO `cscart_bm_locations_descriptions` (`location_id`, `lang_code`, `name`, `title`, `meta_description`, `meta_keywords`) VALUES (28,'en','404','Страница не найдена','','');
REPLACE INTO `cscart_bm_locations_descriptions` (`location_id`, `lang_code`, `name`, `title`, `meta_description`, `meta_keywords`) VALUES (30,'en','Vendor plans','','','');
REPLACE INTO `cscart_bm_locations_descriptions` (`location_id`, `lang_code`, `name`, `title`, `meta_description`, `meta_keywords`) VALUES (31,'en','Vendors plans','','','');
REPLACE INTO `cscart_bm_locations_descriptions` (`location_id`, `lang_code`, `name`, `title`, `meta_description`, `meta_keywords`) VALUES (32,'en','Gift certificates','','','');
REPLACE INTO `cscart_bm_locations_descriptions` (`location_id`, `lang_code`, `name`, `title`, `meta_description`, `meta_keywords`) VALUES (33,'en','Gift certificates','','','');
REPLACE INTO `cscart_bm_locations_descriptions` (`location_id`, `lang_code`, `name`, `title`, `meta_description`, `meta_keywords`) VALUES (34,'en','Blog','','','');
REPLACE INTO `cscart_bm_locations_descriptions` (`location_id`, `lang_code`, `name`, `title`, `meta_description`, `meta_keywords`) VALUES (36,'en','PayPal Adaptive','','','');
REPLACE INTO `cscart_bm_locations_descriptions` (`location_id`, `lang_code`, `name`, `title`, `meta_description`, `meta_keywords`) VALUES (37,'en','PayPal Adaptive','','','');

REPLACE INTO `cscart_bm_snapping` (`snapping_id`, `block_id`, `grid_id`, `wrapper`, `user_class`, `order`, `status`) VALUES (1,1,1,'','top-languages',2,'A');
REPLACE INTO `cscart_bm_snapping` (`snapping_id`, `block_id`, `grid_id`, `wrapper`, `user_class`, `order`, `status`) VALUES (2,2,1,'','top-currencies',3,'A');
REPLACE INTO `cscart_bm_snapping` (`snapping_id`, `block_id`, `grid_id`, `wrapper`, `user_class`, `order`, `status`) VALUES (3,3,2,'','top-quick-links hidden-phone',3,'A');
REPLACE INTO `cscart_bm_snapping` (`snapping_id`, `block_id`, `grid_id`, `wrapper`, `user_class`, `order`, `status`) VALUES (4,4,3,'blocks/wrappers/onclick_dropdown.tpl','top-my-account',2,'A');
REPLACE INTO `cscart_bm_snapping` (`snapping_id`, `block_id`, `grid_id`, `wrapper`, `user_class`, `order`, `status`) VALUES (5,5,4,'','top-logo',0,'A');
REPLACE INTO `cscart_bm_snapping` (`snapping_id`, `block_id`, `grid_id`, `wrapper`, `user_class`, `order`, `status`) VALUES (6,6,5,'','',2,'A');
REPLACE INTO `cscart_bm_snapping` (`snapping_id`, `block_id`, `grid_id`, `wrapper`, `user_class`, `order`, `status`) VALUES (7,7,7,'','top-search',0,'A');
REPLACE INTO `cscart_bm_snapping` (`snapping_id`, `block_id`, `grid_id`, `wrapper`, `user_class`, `order`, `status`) VALUES (8,8,8,'','top-cart-content',2,'A');
REPLACE INTO `cscart_bm_snapping` (`snapping_id`, `block_id`, `grid_id`, `wrapper`, `user_class`, `order`, `status`) VALUES (9,9,9,'','top-menu',2,'A');
REPLACE INTO `cscart_bm_snapping` (`snapping_id`, `block_id`, `grid_id`, `wrapper`, `user_class`, `order`, `status`) VALUES (10,10,10,'','',0,'A');
REPLACE INTO `cscart_bm_snapping` (`snapping_id`, `block_id`, `grid_id`, `wrapper`, `user_class`, `order`, `status`) VALUES (11,11,11,'blocks/wrappers/mainbox_general.tpl','',0,'A');
REPLACE INTO `cscart_bm_snapping` (`snapping_id`, `block_id`, `grid_id`, `wrapper`, `user_class`, `order`, `status`) VALUES (12,12,13,'','',2,'A');
REPLACE INTO `cscart_bm_snapping` (`snapping_id`, `block_id`, `grid_id`, `wrapper`, `user_class`, `order`, `status`) VALUES (13,13,14,'','',2,'A');
REPLACE INTO `cscart_bm_snapping` (`snapping_id`, `block_id`, `grid_id`, `wrapper`, `user_class`, `order`, `status`) VALUES (14,14,16,'blocks/wrappers/footer_general.tpl','',0,'A');
REPLACE INTO `cscart_bm_snapping` (`snapping_id`, `block_id`, `grid_id`, `wrapper`, `user_class`, `order`, `status`) VALUES (15,15,17,'blocks/wrappers/footer_general.tpl','footer-menu-shop',0,'A');
REPLACE INTO `cscart_bm_snapping` (`snapping_id`, `block_id`, `grid_id`, `wrapper`, `user_class`, `order`, `status`) VALUES (16,16,18,'blocks/wrappers/footer_general.tpl','footer-menu-create-orders',0,'A');
REPLACE INTO `cscart_bm_snapping` (`snapping_id`, `block_id`, `grid_id`, `wrapper`, `user_class`, `order`, `status`) VALUES (17,17,19,'blocks/wrappers/footer_general.tpl','footer-no-wysiwyg footer-contacts',0,'A');
REPLACE INTO `cscart_bm_snapping` (`snapping_id`, `block_id`, `grid_id`, `wrapper`, `user_class`, `order`, `status`) VALUES (18,18,21,'','',2,'A');
REPLACE INTO `cscart_bm_snapping` (`snapping_id`, `block_id`, `grid_id`, `wrapper`, `user_class`, `order`, `status`) VALUES (19,19,22,'','',2,'A');
REPLACE INTO `cscart_bm_snapping` (`snapping_id`, `block_id`, `grid_id`, `wrapper`, `user_class`, `order`, `status`) VALUES (156,20,23,'','homepage-banners',0,'A');
REPLACE INTO `cscart_bm_snapping` (`snapping_id`, `block_id`, `grid_id`, `wrapper`, `user_class`, `order`, `status`) VALUES (157,57,80,'','',0,'D');
REPLACE INTO `cscart_bm_snapping` (`snapping_id`, `block_id`, `grid_id`, `wrapper`, `user_class`, `order`, `status`) VALUES (158,58,80,'','',0,'D');
REPLACE INTO `cscart_bm_snapping` (`snapping_id`, `block_id`, `grid_id`, `wrapper`, `user_class`, `order`, `status`) VALUES (23,23,26,'blocks/wrappers/mainbox_general.tpl','',2,'A');
REPLACE INTO `cscart_bm_snapping` (`snapping_id`, `block_id`, `grid_id`, `wrapper`, `user_class`, `order`, `status`) VALUES (24,24,27,'blocks/wrappers/mainbox_general.tpl','homepage-hotdeals',2,'A');
REPLACE INTO `cscart_bm_snapping` (`snapping_id`, `block_id`, `grid_id`, `wrapper`, `user_class`, `order`, `status`) VALUES (25,25,28,'blocks/wrappers/mainbox_general.tpl','homepage-on-sale',2,'A');
REPLACE INTO `cscart_bm_snapping` (`snapping_id`, `block_id`, `grid_id`, `wrapper`, `user_class`, `order`, `status`) VALUES (26,26,29,'blocks/wrappers/mainbox_general.tpl','',0,'A');
REPLACE INTO `cscart_bm_snapping` (`snapping_id`, `block_id`, `grid_id`, `wrapper`, `user_class`, `order`, `status`) VALUES (27,27,30,'blocks/wrappers/mainbox_general.tpl','homepage-reviews',0,'A');
REPLACE INTO `cscart_bm_snapping` (`snapping_id`, `block_id`, `grid_id`, `wrapper`, `user_class`, `order`, `status`) VALUES (28,11,31,'','',1,'A');
REPLACE INTO `cscart_bm_snapping` (`snapping_id`, `block_id`, `grid_id`, `wrapper`, `user_class`, `order`, `status`) VALUES (161,60,157,'blocks/wrappers/mainbox_general.tpl','',2,'A');
REPLACE INTO `cscart_bm_snapping` (`snapping_id`, `block_id`, `grid_id`, `wrapper`, `user_class`, `order`, `status`) VALUES (31,10,33,'','',0,'A');
REPLACE INTO `cscart_bm_snapping` (`snapping_id`, `block_id`, `grid_id`, `wrapper`, `user_class`, `order`, `status`) VALUES (32,11,34,'','',0,'A');
REPLACE INTO `cscart_bm_snapping` (`snapping_id`, `block_id`, `grid_id`, `wrapper`, `user_class`, `order`, `status`) VALUES (33,30,35,'blocks/wrappers/mainbox_general.tpl','',2,'A');
REPLACE INTO `cscart_bm_snapping` (`snapping_id`, `block_id`, `grid_id`, `wrapper`, `user_class`, `order`, `status`) VALUES (34,31,36,'blocks/wrappers/mainbox_general.tpl','',2,'A');
REPLACE INTO `cscart_bm_snapping` (`snapping_id`, `block_id`, `grid_id`, `wrapper`, `user_class`, `order`, `status`) VALUES (35,10,39,'','',0,'A');
REPLACE INTO `cscart_bm_snapping` (`snapping_id`, `block_id`, `grid_id`, `wrapper`, `user_class`, `order`, `status`) VALUES (36,32,40,'blocks/wrappers/sidebox_general.tpl','',0,'A');
REPLACE INTO `cscart_bm_snapping` (`snapping_id`, `block_id`, `grid_id`, `wrapper`, `user_class`, `order`, `status`) VALUES (37,33,40,'blocks/wrappers/sidebox_general.tpl','',2,'A');
REPLACE INTO `cscart_bm_snapping` (`snapping_id`, `block_id`, `grid_id`, `wrapper`, `user_class`, `order`, `status`) VALUES (38,11,41,'blocks/wrappers/mainbox_general.tpl','',0,'A');
REPLACE INTO `cscart_bm_snapping` (`snapping_id`, `block_id`, `grid_id`, `wrapper`, `user_class`, `order`, `status`) VALUES (39,10,44,'','',0,'A');
REPLACE INTO `cscart_bm_snapping` (`snapping_id`, `block_id`, `grid_id`, `wrapper`, `user_class`, `order`, `status`) VALUES (40,11,45,'blocks/wrappers/mainbox_general.tpl','',0,'A');
REPLACE INTO `cscart_bm_snapping` (`snapping_id`, `block_id`, `grid_id`, `wrapper`, `user_class`, `order`, `status`) VALUES (41,11,48,'blocks/wrappers/mainbox_general.tpl','',1,'A');
REPLACE INTO `cscart_bm_snapping` (`snapping_id`, `block_id`, `grid_id`, `wrapper`, `user_class`, `order`, `status`) VALUES (42,34,49,'blocks/wrappers/sidebox_general.tpl','ty-order-summary',0,'A');
REPLACE INTO `cscart_bm_snapping` (`snapping_id`, `block_id`, `grid_id`, `wrapper`, `user_class`, `order`, `status`) VALUES (43,35,49,'blocks/wrappers/sidebox_general.tpl','order-products',0,'A');
REPLACE INTO `cscart_bm_snapping` (`snapping_id`, `block_id`, `grid_id`, `wrapper`, `user_class`, `order`, `status`) VALUES (44,36,49,'blocks/wrappers/sidebox_general.tpl','order-information',0,'A');
REPLACE INTO `cscart_bm_snapping` (`snapping_id`, `block_id`, `grid_id`, `wrapper`, `user_class`, `order`, `status`) VALUES (45,10,51,'','',0,'A');
REPLACE INTO `cscart_bm_snapping` (`snapping_id`, `block_id`, `grid_id`, `wrapper`, `user_class`, `order`, `status`) VALUES (46,11,52,'blocks/wrappers/mainbox_general.tpl','',0,'A');
REPLACE INTO `cscart_bm_snapping` (`snapping_id`, `block_id`, `grid_id`, `wrapper`, `user_class`, `order`, `status`) VALUES (47,37,53,'','',0,'A');
REPLACE INTO `cscart_bm_snapping` (`snapping_id`, `block_id`, `grid_id`, `wrapper`, `user_class`, `order`, `status`) VALUES (48,10,54,'','',0,'A');
REPLACE INTO `cscart_bm_snapping` (`snapping_id`, `block_id`, `grid_id`, `wrapper`, `user_class`, `order`, `status`) VALUES (49,11,55,'blocks/wrappers/mainbox_general.tpl','',2,'A');
REPLACE INTO `cscart_bm_snapping` (`snapping_id`, `block_id`, `grid_id`, `wrapper`, `user_class`, `order`, `status`) VALUES (50,38,56,'','',0,'A');
REPLACE INTO `cscart_bm_snapping` (`snapping_id`, `block_id`, `grid_id`, `wrapper`, `user_class`, `order`, `status`) VALUES (51,10,57,'','',0,'A');
REPLACE INTO `cscart_bm_snapping` (`snapping_id`, `block_id`, `grid_id`, `wrapper`, `user_class`, `order`, `status`) VALUES (52,11,57,'blocks/wrappers/mainbox_general.tpl','',1,'A');
REPLACE INTO `cscart_bm_snapping` (`snapping_id`, `block_id`, `grid_id`, `wrapper`, `user_class`, `order`, `status`) VALUES (53,10,59,'','',0,'A');
REPLACE INTO `cscart_bm_snapping` (`snapping_id`, `block_id`, `grid_id`, `wrapper`, `user_class`, `order`, `status`) VALUES (54,11,59,'blocks/wrappers/mainbox_general.tpl','',1,'A');
REPLACE INTO `cscart_bm_snapping` (`snapping_id`, `block_id`, `grid_id`, `wrapper`, `user_class`, `order`, `status`) VALUES (55,1,61,'','top-languages',2,'A');
REPLACE INTO `cscart_bm_snapping` (`snapping_id`, `block_id`, `grid_id`, `wrapper`, `user_class`, `order`, `status`) VALUES (56,2,61,'','top-currencies',3,'A');
REPLACE INTO `cscart_bm_snapping` (`snapping_id`, `block_id`, `grid_id`, `wrapper`, `user_class`, `order`, `status`) VALUES (57,3,62,'','top-quick-links hidden-phone',3,'A');
REPLACE INTO `cscart_bm_snapping` (`snapping_id`, `block_id`, `grid_id`, `wrapper`, `user_class`, `order`, `status`) VALUES (58,4,63,'blocks/wrappers/onclick_dropdown.tpl','top-my-account',2,'A');
REPLACE INTO `cscart_bm_snapping` (`snapping_id`, `block_id`, `grid_id`, `wrapper`, `user_class`, `order`, `status`) VALUES (59,5,64,'','top-logo',2,'A');
REPLACE INTO `cscart_bm_snapping` (`snapping_id`, `block_id`, `grid_id`, `wrapper`, `user_class`, `order`, `status`) VALUES (60,39,65,'','',0,'A');
REPLACE INTO `cscart_bm_snapping` (`snapping_id`, `block_id`, `grid_id`, `wrapper`, `user_class`, `order`, `status`) VALUES (61,8,66,'','top-cart-content',2,'A');
REPLACE INTO `cscart_bm_snapping` (`snapping_id`, `block_id`, `grid_id`, `wrapper`, `user_class`, `order`, `status`) VALUES (62,40,68,'','',0,'A');
REPLACE INTO `cscart_bm_snapping` (`snapping_id`, `block_id`, `grid_id`, `wrapper`, `user_class`, `order`, `status`) VALUES (63,41,69,'','',2,'A');
REPLACE INTO `cscart_bm_snapping` (`snapping_id`, `block_id`, `grid_id`, `wrapper`, `user_class`, `order`, `status`) VALUES (64,42,70,'','',2,'D');
REPLACE INTO `cscart_bm_snapping` (`snapping_id`, `block_id`, `grid_id`, `wrapper`, `user_class`, `order`, `status`) VALUES (65,43,71,'','',0,'A');
REPLACE INTO `cscart_bm_snapping` (`snapping_id`, `block_id`, `grid_id`, `wrapper`, `user_class`, `order`, `status`) VALUES (66,10,71,'','',2,'A');
REPLACE INTO `cscart_bm_snapping` (`snapping_id`, `block_id`, `grid_id`, `wrapper`, `user_class`, `order`, `status`) VALUES (67,44,72,'blocks/wrappers/sidebox_general.tpl','',0,'A');
REPLACE INTO `cscart_bm_snapping` (`snapping_id`, `block_id`, `grid_id`, `wrapper`, `user_class`, `order`, `status`) VALUES (68,45,72,'blocks/wrappers/sidebox_general.tpl','',1,'A');
REPLACE INTO `cscart_bm_snapping` (`snapping_id`, `block_id`, `grid_id`, `wrapper`, `user_class`, `order`, `status`) VALUES (69,11,73,'blocks/wrappers/mainbox_general.tpl','',1,'A');
REPLACE INTO `cscart_bm_snapping` (`snapping_id`, `block_id`, `grid_id`, `wrapper`, `user_class`, `order`, `status`) VALUES (70,10,74,'','',0,'A');
REPLACE INTO `cscart_bm_snapping` (`snapping_id`, `block_id`, `grid_id`, `wrapper`, `user_class`, `order`, `status`) VALUES (71,11,75,'','',0,'A');
REPLACE INTO `cscart_bm_snapping` (`snapping_id`, `block_id`, `grid_id`, `wrapper`, `user_class`, `order`, `status`) VALUES (72,46,76,'','',0,'A');
REPLACE INTO `cscart_bm_snapping` (`snapping_id`, `block_id`, `grid_id`, `wrapper`, `user_class`, `order`, `status`) VALUES (73,10,78,'','',0,'A');
REPLACE INTO `cscart_bm_snapping` (`snapping_id`, `block_id`, `grid_id`, `wrapper`, `user_class`, `order`, `status`) VALUES (74,4,79,'blocks/wrappers/sidebox_general.tpl','',1,'D');
REPLACE INTO `cscart_bm_snapping` (`snapping_id`, `block_id`, `grid_id`, `wrapper`, `user_class`, `order`, `status`) VALUES (75,33,79,'blocks/wrappers/sidebox_general.tpl','',2,'D');
REPLACE INTO `cscart_bm_snapping` (`snapping_id`, `block_id`, `grid_id`, `wrapper`, `user_class`, `order`, `status`) VALUES (76,11,80,'','',0,'A');
REPLACE INTO `cscart_bm_snapping` (`snapping_id`, `block_id`, `grid_id`, `wrapper`, `user_class`, `order`, `status`) VALUES (77,47,82,'','',0,'A');
REPLACE INTO `cscart_bm_snapping` (`snapping_id`, `block_id`, `grid_id`, `wrapper`, `user_class`, `order`, `status`) VALUES (78,10,83,'','',0,'A');
REPLACE INTO `cscart_bm_snapping` (`snapping_id`, `block_id`, `grid_id`, `wrapper`, `user_class`, `order`, `status`) VALUES (79,48,83,'blocks/wrappers/sidebox_general.tpl','',0,'A');
REPLACE INTO `cscart_bm_snapping` (`snapping_id`, `block_id`, `grid_id`, `wrapper`, `user_class`, `order`, `status`) VALUES (80,11,84,'blocks/wrappers/mainbox_general.tpl','',0,'A');
REPLACE INTO `cscart_bm_snapping` (`snapping_id`, `block_id`, `grid_id`, `wrapper`, `user_class`, `order`, `status`) VALUES (146,49,151,'blocks/wrappers/sidebox_general.tpl','',0,'A');
REPLACE INTO `cscart_bm_snapping` (`snapping_id`, `block_id`, `grid_id`, `wrapper`, `user_class`, `order`, `status`) VALUES (145,11,150,'blocks/wrappers/mainbox_general.tpl','',0,'A');
REPLACE INTO `cscart_bm_snapping` (`snapping_id`, `block_id`, `grid_id`, `wrapper`, `user_class`, `order`, `status`) VALUES (144,10,149,'','',0,'A');
REPLACE INTO `cscart_bm_snapping` (`snapping_id`, `block_id`, `grid_id`, `wrapper`, `user_class`, `order`, `status`) VALUES (84,7,88,'','top-search',2,'A');
REPLACE INTO `cscart_bm_snapping` (`snapping_id`, `block_id`, `grid_id`, `wrapper`, `user_class`, `order`, `status`) VALUES (85,50,89,'','widget top-languages',2,'A');
REPLACE INTO `cscart_bm_snapping` (`snapping_id`, `block_id`, `grid_id`, `wrapper`, `user_class`, `order`, `status`) VALUES (86,2,89,'','widget top-currencies',3,'A');
REPLACE INTO `cscart_bm_snapping` (`snapping_id`, `block_id`, `grid_id`, `wrapper`, `user_class`, `order`, `status`) VALUES (87,51,90,'','widget top-cart-content',2,'A');
REPLACE INTO `cscart_bm_snapping` (`snapping_id`, `block_id`, `grid_id`, `wrapper`, `user_class`, `order`, `status`) VALUES (88,4,90,'blocks/wrappers/onclick_dropdown.tpl','widget top-my-account',3,'A');
REPLACE INTO `cscart_bm_snapping` (`snapping_id`, `block_id`, `grid_id`, `wrapper`, `user_class`, `order`, `status`) VALUES (89,52,91,'','',0,'A');
REPLACE INTO `cscart_bm_snapping` (`snapping_id`, `block_id`, `grid_id`, `wrapper`, `user_class`, `order`, `status`) VALUES (90,10,92,'','',0,'A');
REPLACE INTO `cscart_bm_snapping` (`snapping_id`, `block_id`, `grid_id`, `wrapper`, `user_class`, `order`, `status`) VALUES (91,11,93,'blocks/wrappers/mainbox_general.tpl','',0,'A');
REPLACE INTO `cscart_bm_snapping` (`snapping_id`, `block_id`, `grid_id`, `wrapper`, `user_class`, `order`, `status`) VALUES (92,20,95,'','homepage-banners',0,'A');
REPLACE INTO `cscart_bm_snapping` (`snapping_id`, `block_id`, `grid_id`, `wrapper`, `user_class`, `order`, `status`) VALUES (93,21,96,'','ty-banners-free-ship',3,'A');
REPLACE INTO `cscart_bm_snapping` (`snapping_id`, `block_id`, `grid_id`, `wrapper`, `user_class`, `order`, `status`) VALUES (94,22,96,'','ty-banners-pickup',4,'A');
REPLACE INTO `cscart_bm_snapping` (`snapping_id`, `block_id`, `grid_id`, `wrapper`, `user_class`, `order`, `status`) VALUES (95,53,97,'blocks/wrappers/mainbox_general.tpl','homepage-hotdeals',4,'A');
REPLACE INTO `cscart_bm_snapping` (`snapping_id`, `block_id`, `grid_id`, `wrapper`, `user_class`, `order`, `status`) VALUES (96,54,97,'blocks/wrappers/mainbox_general.tpl','homepage-on-sale',5,'A');
REPLACE INTO `cscart_bm_snapping` (`snapping_id`, `block_id`, `grid_id`, `wrapper`, `user_class`, `order`, `status`) VALUES (97,26,98,'blocks/wrappers/mainbox_general.tpl','',0,'A');
REPLACE INTO `cscart_bm_snapping` (`snapping_id`, `block_id`, `grid_id`, `wrapper`, `user_class`, `order`, `status`) VALUES (98,27,99,'blocks/wrappers/mainbox_general.tpl','homepage-reviews',0,'A');
REPLACE INTO `cscart_bm_snapping` (`snapping_id`, `block_id`, `grid_id`, `wrapper`, `user_class`, `order`, `status`) VALUES (99,11,100,'','',1,'A');
REPLACE INTO `cscart_bm_snapping` (`snapping_id`, `block_id`, `grid_id`, `wrapper`, `user_class`, `order`, `status`) VALUES (100,28,100,'blocks/wrappers/mainbox_simple.tpl','homepage-our-brands',2,'A');
REPLACE INTO `cscart_bm_snapping` (`snapping_id`, `block_id`, `grid_id`, `wrapper`, `user_class`, `order`, `status`) VALUES (101,55,100,'','homepage-benefits-guarantees',3,'D');
REPLACE INTO `cscart_bm_snapping` (`snapping_id`, `block_id`, `grid_id`, `wrapper`, `user_class`, `order`, `status`) VALUES (102,10,102,'','',0,'A');
REPLACE INTO `cscart_bm_snapping` (`snapping_id`, `block_id`, `grid_id`, `wrapper`, `user_class`, `order`, `status`) VALUES (103,11,103,'','',0,'A');
REPLACE INTO `cscart_bm_snapping` (`snapping_id`, `block_id`, `grid_id`, `wrapper`, `user_class`, `order`, `status`) VALUES (104,30,104,'blocks/wrappers/mainbox_general.tpl','',2,'A');
REPLACE INTO `cscart_bm_snapping` (`snapping_id`, `block_id`, `grid_id`, `wrapper`, `user_class`, `order`, `status`) VALUES (105,31,105,'blocks/wrappers/mainbox_general.tpl','',2,'A');
REPLACE INTO `cscart_bm_snapping` (`snapping_id`, `block_id`, `grid_id`, `wrapper`, `user_class`, `order`, `status`) VALUES (106,10,108,'','',0,'A');
REPLACE INTO `cscart_bm_snapping` (`snapping_id`, `block_id`, `grid_id`, `wrapper`, `user_class`, `order`, `status`) VALUES (107,32,109,'blocks/wrappers/sidebox_general.tpl','',0,'A');
REPLACE INTO `cscart_bm_snapping` (`snapping_id`, `block_id`, `grid_id`, `wrapper`, `user_class`, `order`, `status`) VALUES (108,33,109,'blocks/wrappers/sidebox_general.tpl','',0,'A');
REPLACE INTO `cscart_bm_snapping` (`snapping_id`, `block_id`, `grid_id`, `wrapper`, `user_class`, `order`, `status`) VALUES (109,11,110,'blocks/wrappers/mainbox_general.tpl','',0,'A');
REPLACE INTO `cscart_bm_snapping` (`snapping_id`, `block_id`, `grid_id`, `wrapper`, `user_class`, `order`, `status`) VALUES (110,10,113,'','',0,'A');
REPLACE INTO `cscart_bm_snapping` (`snapping_id`, `block_id`, `grid_id`, `wrapper`, `user_class`, `order`, `status`) VALUES (111,11,114,'blocks/wrappers/mainbox_general.tpl','',0,'A');
REPLACE INTO `cscart_bm_snapping` (`snapping_id`, `block_id`, `grid_id`, `wrapper`, `user_class`, `order`, `status`) VALUES (112,11,117,'blocks/wrappers/mainbox_general.tpl','',1,'A');
REPLACE INTO `cscart_bm_snapping` (`snapping_id`, `block_id`, `grid_id`, `wrapper`, `user_class`, `order`, `status`) VALUES (113,34,118,'blocks/wrappers/sidebox_general.tpl','ty-order-summary',0,'A');
REPLACE INTO `cscart_bm_snapping` (`snapping_id`, `block_id`, `grid_id`, `wrapper`, `user_class`, `order`, `status`) VALUES (114,35,118,'blocks/wrappers/sidebox_general.tpl','order-products',0,'A');
REPLACE INTO `cscart_bm_snapping` (`snapping_id`, `block_id`, `grid_id`, `wrapper`, `user_class`, `order`, `status`) VALUES (115,36,118,'blocks/wrappers/sidebox_general.tpl','order-information',0,'A');
REPLACE INTO `cscart_bm_snapping` (`snapping_id`, `block_id`, `grid_id`, `wrapper`, `user_class`, `order`, `status`) VALUES (116,10,120,'','',0,'A');
REPLACE INTO `cscart_bm_snapping` (`snapping_id`, `block_id`, `grid_id`, `wrapper`, `user_class`, `order`, `status`) VALUES (117,11,121,'blocks/wrappers/mainbox_general.tpl','',0,'A');
REPLACE INTO `cscart_bm_snapping` (`snapping_id`, `block_id`, `grid_id`, `wrapper`, `user_class`, `order`, `status`) VALUES (118,37,122,'','',0,'A');
REPLACE INTO `cscart_bm_snapping` (`snapping_id`, `block_id`, `grid_id`, `wrapper`, `user_class`, `order`, `status`) VALUES (119,10,123,'','',0,'A');
REPLACE INTO `cscart_bm_snapping` (`snapping_id`, `block_id`, `grid_id`, `wrapper`, `user_class`, `order`, `status`) VALUES (120,11,124,'blocks/wrappers/mainbox_general.tpl','',2,'A');
REPLACE INTO `cscart_bm_snapping` (`snapping_id`, `block_id`, `grid_id`, `wrapper`, `user_class`, `order`, `status`) VALUES (121,38,125,'','',0,'A');
REPLACE INTO `cscart_bm_snapping` (`snapping_id`, `block_id`, `grid_id`, `wrapper`, `user_class`, `order`, `status`) VALUES (122,10,126,'','',0,'A');
REPLACE INTO `cscart_bm_snapping` (`snapping_id`, `block_id`, `grid_id`, `wrapper`, `user_class`, `order`, `status`) VALUES (123,11,126,'blocks/wrappers/mainbox_general.tpl','',1,'A');
REPLACE INTO `cscart_bm_snapping` (`snapping_id`, `block_id`, `grid_id`, `wrapper`, `user_class`, `order`, `status`) VALUES (124,10,128,'','',0,'A');
REPLACE INTO `cscart_bm_snapping` (`snapping_id`, `block_id`, `grid_id`, `wrapper`, `user_class`, `order`, `status`) VALUES (125,11,128,'blocks/wrappers/mainbox_general.tpl','',1,'A');
REPLACE INTO `cscart_bm_snapping` (`snapping_id`, `block_id`, `grid_id`, `wrapper`, `user_class`, `order`, `status`) VALUES (126,10,131,'','',0,'A');
REPLACE INTO `cscart_bm_snapping` (`snapping_id`, `block_id`, `grid_id`, `wrapper`, `user_class`, `order`, `status`) VALUES (127,4,132,'blocks/wrappers/sidebox_general.tpl','',1,'A');
REPLACE INTO `cscart_bm_snapping` (`snapping_id`, `block_id`, `grid_id`, `wrapper`, `user_class`, `order`, `status`) VALUES (128,33,132,'blocks/wrappers/sidebox_general.tpl','',2,'A');
REPLACE INTO `cscart_bm_snapping` (`snapping_id`, `block_id`, `grid_id`, `wrapper`, `user_class`, `order`, `status`) VALUES (129,11,133,'','',0,'A');
REPLACE INTO `cscart_bm_snapping` (`snapping_id`, `block_id`, `grid_id`, `wrapper`, `user_class`, `order`, `status`) VALUES (130,47,135,'','',0,'A');
REPLACE INTO `cscart_bm_snapping` (`snapping_id`, `block_id`, `grid_id`, `wrapper`, `user_class`, `order`, `status`) VALUES (149,49,154,'blocks/wrappers/sidebox_general.tpl','',0,'A');
REPLACE INTO `cscart_bm_snapping` (`snapping_id`, `block_id`, `grid_id`, `wrapper`, `user_class`, `order`, `status`) VALUES (148,11,153,'blocks/wrappers/mainbox_general.tpl','',0,'A');
REPLACE INTO `cscart_bm_snapping` (`snapping_id`, `block_id`, `grid_id`, `wrapper`, `user_class`, `order`, `status`) VALUES (147,10,152,'','',0,'A');
REPLACE INTO `cscart_bm_snapping` (`snapping_id`, `block_id`, `grid_id`, `wrapper`, `user_class`, `order`, `status`) VALUES (134,10,139,'','',0,'A');
REPLACE INTO `cscart_bm_snapping` (`snapping_id`, `block_id`, `grid_id`, `wrapper`, `user_class`, `order`, `status`) VALUES (135,11,140,'','',2,'A');
REPLACE INTO `cscart_bm_snapping` (`snapping_id`, `block_id`, `grid_id`, `wrapper`, `user_class`, `order`, `status`) VALUES (136,10,141,'','',0,'A');
REPLACE INTO `cscart_bm_snapping` (`snapping_id`, `block_id`, `grid_id`, `wrapper`, `user_class`, `order`, `status`) VALUES (137,11,142,'','',2,'A');
REPLACE INTO `cscart_bm_snapping` (`snapping_id`, `block_id`, `grid_id`, `wrapper`, `user_class`, `order`, `status`) VALUES (138,10,143,'','',0,'A');
REPLACE INTO `cscart_bm_snapping` (`snapping_id`, `block_id`, `grid_id`, `wrapper`, `user_class`, `order`, `status`) VALUES (139,11,144,'blocks/wrappers/mainbox_general.tpl','',0,'A');
REPLACE INTO `cscart_bm_snapping` (`snapping_id`, `block_id`, `grid_id`, `wrapper`, `user_class`, `order`, `status`) VALUES (140,56,145,'','',0,'A');
REPLACE INTO `cscart_bm_snapping` (`snapping_id`, `block_id`, `grid_id`, `wrapper`, `user_class`, `order`, `status`) VALUES (141,10,146,'','',0,'A');
REPLACE INTO `cscart_bm_snapping` (`snapping_id`, `block_id`, `grid_id`, `wrapper`, `user_class`, `order`, `status`) VALUES (142,11,147,'blocks/wrappers/mainbox_general.tpl','',0,'A');
REPLACE INTO `cscart_bm_snapping` (`snapping_id`, `block_id`, `grid_id`, `wrapper`, `user_class`, `order`, `status`) VALUES (143,56,148,'','',0,'A');
REPLACE INTO `cscart_bm_snapping` (`snapping_id`, `block_id`, `grid_id`, `wrapper`, `user_class`, `order`, `status`) VALUES (151,42,73,'','',0,'A');
REPLACE INTO `cscart_bm_snapping` (`snapping_id`, `block_id`, `grid_id`, `wrapper`, `user_class`, `order`, `status`) VALUES (155,53,40,'blocks/wrappers/sidebox_general.tpl','',1,'A');
REPLACE INTO `cscart_bm_snapping` (`snapping_id`, `block_id`, `grid_id`, `wrapper`, `user_class`, `order`, `status`) VALUES (159,59,79,'','',0,'D');
REPLACE INTO `cscart_bm_snapping` (`snapping_id`, `block_id`, `grid_id`, `wrapper`, `user_class`, `order`, `status`) VALUES (162,11,158,'blocks/wrappers/mainbox_general.tpl','',0,'A');
REPLACE INTO `cscart_bm_snapping` (`snapping_id`, `block_id`, `grid_id`, `wrapper`, `user_class`, `order`, `status`) VALUES (163,61,159,'blocks/wrappers/sidebox_general.tpl','ty-order-summary',0,'A');
REPLACE INTO `cscart_bm_snapping` (`snapping_id`, `block_id`, `grid_id`, `wrapper`, `user_class`, `order`, `status`) VALUES (164,62,159,'blocks/wrappers/sidebox_general.tpl','order-information',1,'A');
REPLACE INTO `cscart_bm_snapping` (`snapping_id`, `block_id`, `grid_id`, `wrapper`, `user_class`, `order`, `status`) VALUES (165,11,160,'blocks/wrappers/mainbox_general.tpl','',0,'A');
REPLACE INTO `cscart_bm_snapping` (`snapping_id`, `block_id`, `grid_id`, `wrapper`, `user_class`, `order`, `status`) VALUES (166,61,161,'blocks/wrappers/sidebox_general.tpl','ty-order-summary',0,'A');
REPLACE INTO `cscart_bm_snapping` (`snapping_id`, `block_id`, `grid_id`, `wrapper`, `user_class`, `order`, `status`) VALUES (167,62,161,'blocks/wrappers/sidebox_general.tpl','order-information',1,'A');

REPLACE INTO `cscart_logos` (`logo_id`, `layout_id`, `style_id`, `company_id`, `type`) VALUES (1,1,'Modern',0,'theme');
REPLACE INTO `cscart_logos` (`logo_id`, `layout_id`, `style_id`, `company_id`, `type`) VALUES (2,1,'Modern',0,'mail');
REPLACE INTO `cscart_logos` (`logo_id`, `layout_id`, `style_id`, `company_id`, `type`) VALUES (3,1,'Modern',0,'favicon');
REPLACE INTO `cscart_logos` (`logo_id`, `layout_id`, `style_id`, `company_id`, `type`) VALUES (4,0,'',1,'theme');
REPLACE INTO `cscart_logos` (`logo_id`, `layout_id`, `style_id`, `company_id`, `type`) VALUES (5,0,'',1,'mail');
REPLACE INTO `cscart_logos` (`logo_id`, `layout_id`, `style_id`, `company_id`, `type`) VALUES (8,0,'',1,'favicon');
REPLACE INTO `cscart_logos` (`logo_id`, `layout_id`, `style_id`, `company_id`, `type`) VALUES (15,0,'',0,'gift_cert');
REPLACE INTO `cscart_logos` (`logo_id`, `layout_id`, `style_id`, `company_id`, `type`) VALUES (16,0,'',2,'theme');
REPLACE INTO `cscart_logos` (`logo_id`, `layout_id`, `style_id`, `company_id`, `type`) VALUES (17,0,'',2,'mail');
REPLACE INTO `cscart_logos` (`logo_id`, `layout_id`, `style_id`, `company_id`, `type`) VALUES (18,0,'',3,'theme');
REPLACE INTO `cscart_logos` (`logo_id`, `layout_id`, `style_id`, `company_id`, `type`) VALUES (19,0,'',3,'mail');
REPLACE INTO `cscart_logos` (`logo_id`, `layout_id`, `style_id`, `company_id`, `type`) VALUES (20,0,'',4,'theme');
REPLACE INTO `cscart_logos` (`logo_id`, `layout_id`, `style_id`, `company_id`, `type`) VALUES (21,0,'',4,'mail');
REPLACE INTO `cscart_logos` (`logo_id`, `layout_id`, `style_id`, `company_id`, `type`) VALUES (22,0,'',5,'theme');
REPLACE INTO `cscart_logos` (`logo_id`, `layout_id`, `style_id`, `company_id`, `type`) VALUES (23,0,'',5,'mail');
REPLACE INTO `cscart_logos` (`logo_id`, `layout_id`, `style_id`, `company_id`, `type`) VALUES (24,0,'',6,'theme');
REPLACE INTO `cscart_logos` (`logo_id`, `layout_id`, `style_id`, `company_id`, `type`) VALUES (25,0,'',6,'mail');
REPLACE INTO `cscart_logos` (`logo_id`, `layout_id`, `style_id`, `company_id`, `type`) VALUES (26,0,'',7,'theme');
REPLACE INTO `cscart_logos` (`logo_id`, `layout_id`, `style_id`, `company_id`, `type`) VALUES (27,0,'',7,'mail');
REPLACE INTO `cscart_logos` (`logo_id`, `layout_id`, `style_id`, `company_id`, `type`) VALUES (28,0,'',8,'theme');
REPLACE INTO `cscart_logos` (`logo_id`, `layout_id`, `style_id`, `company_id`, `type`) VALUES (29,0,'',8,'mail');
REPLACE INTO `cscart_logos` (`logo_id`, `layout_id`, `style_id`, `company_id`, `type`) VALUES (30,0,'',9,'theme');
REPLACE INTO `cscart_logos` (`logo_id`, `layout_id`, `style_id`, `company_id`, `type`) VALUES (31,0,'',9,'mail');
REPLACE INTO `cscart_logos` (`logo_id`, `layout_id`, `style_id`, `company_id`, `type`) VALUES (32,0,'',10,'theme');
REPLACE INTO `cscart_logos` (`logo_id`, `layout_id`, `style_id`, `company_id`, `type`) VALUES (33,0,'',10,'mail');
REPLACE INTO `cscart_logos` (`logo_id`, `layout_id`, `style_id`, `company_id`, `type`) VALUES (34,0,'',11,'theme');
REPLACE INTO `cscart_logos` (`logo_id`, `layout_id`, `style_id`, `company_id`, `type`) VALUES (35,0,'',11,'mail');
REPLACE INTO `cscart_logos` (`logo_id`, `layout_id`, `style_id`, `company_id`, `type`) VALUES (36,0,'',12,'theme');
REPLACE INTO `cscart_logos` (`logo_id`, `layout_id`, `style_id`, `company_id`, `type`) VALUES (37,0,'',12,'mail');
REPLACE INTO `cscart_logos` (`logo_id`, `layout_id`, `style_id`, `company_id`, `type`) VALUES (38,1,'Bright_theme',0,'theme');
REPLACE INTO `cscart_logos` (`logo_id`, `layout_id`, `style_id`, `company_id`, `type`) VALUES (39,1,'Bright_theme',0,'favicon');
REPLACE INTO `cscart_logos` (`logo_id`, `layout_id`, `style_id`, `company_id`, `type`) VALUES (40,1,'Bright_theme',0,'mail');
REPLACE INTO `cscart_logos` (`logo_id`, `layout_id`, `style_id`, `company_id`, `type`) VALUES (41,2,'Bright_theme',0,'theme');
REPLACE INTO `cscart_logos` (`logo_id`, `layout_id`, `style_id`, `company_id`, `type`) VALUES (42,2,'Bright_theme',0,'favicon');
REPLACE INTO `cscart_logos` (`logo_id`, `layout_id`, `style_id`, `company_id`, `type`) VALUES (43,2,'Bright_theme',0,'mail');

REPLACE INTO `cscart_menus` (`menu_id`, `status`, `company_id`) VALUES (1,'A',0);
REPLACE INTO `cscart_menus` (`menu_id`, `status`, `company_id`) VALUES (2,'A',0);
REPLACE INTO `cscart_menus` (`menu_id`, `status`, `company_id`) VALUES (3,'A',0);
REPLACE INTO `cscart_menus` (`menu_id`, `status`, `company_id`) VALUES (4,'A',0);

REPLACE INTO `cscart_menus_descriptions` (`menu_id`, `lang_code`, `name`) VALUES (1,'en','Quick links');
REPLACE INTO `cscart_menus_descriptions` (`menu_id`, `lang_code`, `name`) VALUES (2,'en','Main menu');
REPLACE INTO `cscart_menus_descriptions` (`menu_id`, `lang_code`, `name`) VALUES (3,'en','Shop (footer)');
REPLACE INTO `cscart_menus_descriptions` (`menu_id`, `lang_code`, `name`) VALUES (4,'en','Create orders (footer)');

REPLACE INTO `cscart_images_links` (`pair_id`, `object_id`, `object_type`, `image_id`, `detailed_id`, `type`, `position`) VALUES (1,1,'logos',1000,0,'M',0);
REPLACE INTO `cscart_images_links` (`pair_id`, `object_id`, `object_type`, `image_id`, `detailed_id`, `type`, `position`) VALUES (2,2,'logos',1001,0,'M',0);
REPLACE INTO `cscart_images_links` (`pair_id`, `object_id`, `object_type`, `image_id`, `detailed_id`, `type`, `position`) VALUES (3,3,'logos',1002,0,'M',0);
REPLACE INTO `cscart_images_links` (`pair_id`, `object_id`, `object_type`, `image_id`, `detailed_id`, `type`, `position`) VALUES (4,4,'logos',1003,0,'M',0);
REPLACE INTO `cscart_images_links` (`pair_id`, `object_id`, `object_type`, `image_id`, `detailed_id`, `type`, `position`) VALUES (5,5,'logos',1004,0,'M',0);
REPLACE INTO `cscart_images_links` (`pair_id`, `object_id`, `object_type`, `image_id`, `detailed_id`, `type`, `position`) VALUES (6,8,'logos',1996,0,'M',0);
REPLACE INTO `cscart_images_links` (`pair_id`, `object_id`, `object_type`, `image_id`, `detailed_id`, `type`, `position`) VALUES (7,9,'logos',1997,0,'M',0);
REPLACE INTO `cscart_images_links` (`pair_id`, `object_id`, `object_type`, `image_id`, `detailed_id`, `type`, `position`) VALUES (8,10,'logos',1998,0,'M',0);
REPLACE INTO `cscart_images_links` (`pair_id`, `object_id`, `object_type`, `image_id`, `detailed_id`, `type`, `position`) VALUES (9,11,'logos',1999,0,'M',0);
REPLACE INTO `cscart_images_links` (`pair_id`, `object_id`, `object_type`, `image_id`, `detailed_id`, `type`, `position`) VALUES (10,12,'logos',2000,0,'M',0);
REPLACE INTO `cscart_images_links` (`pair_id`, `object_id`, `object_type`, `image_id`, `detailed_id`, `type`, `position`) VALUES (11,13,'logos',2001,0,'M',0);
REPLACE INTO `cscart_images_links` (`pair_id`, `object_id`, `object_type`, `image_id`, `detailed_id`, `type`, `position`) VALUES (12,14,'logos',2002,0,'M',0);
REPLACE INTO `cscart_images_links` (`pair_id`, `object_id`, `object_type`, `image_id`, `detailed_id`, `type`, `position`) VALUES (13,15,'logos',2003,0,'M',0);
REPLACE INTO `cscart_images_links` (`pair_id`, `object_id`, `object_type`, `image_id`, `detailed_id`, `type`, `position`) VALUES (22,16,'logos',2004,0,'M',0);
REPLACE INTO `cscart_images_links` (`pair_id`, `object_id`, `object_type`, `image_id`, `detailed_id`, `type`, `position`) VALUES (23,17,'logos',2005,0,'M',0);
REPLACE INTO `cscart_images_links` (`pair_id`, `object_id`, `object_type`, `image_id`, `detailed_id`, `type`, `position`) VALUES (24,18,'logos',2006,0,'M',0);
REPLACE INTO `cscart_images_links` (`pair_id`, `object_id`, `object_type`, `image_id`, `detailed_id`, `type`, `position`) VALUES (25,19,'logos',2007,0,'M',0);
REPLACE INTO `cscart_images_links` (`pair_id`, `object_id`, `object_type`, `image_id`, `detailed_id`, `type`, `position`) VALUES (26,20,'logos',2008,0,'M',0);
REPLACE INTO `cscart_images_links` (`pair_id`, `object_id`, `object_type`, `image_id`, `detailed_id`, `type`, `position`) VALUES (27,21,'logos',2009,0,'M',0);
REPLACE INTO `cscart_images_links` (`pair_id`, `object_id`, `object_type`, `image_id`, `detailed_id`, `type`, `position`) VALUES (28,22,'logos',2010,0,'M',0);
REPLACE INTO `cscart_images_links` (`pair_id`, `object_id`, `object_type`, `image_id`, `detailed_id`, `type`, `position`) VALUES (29,23,'logos',2011,0,'M',0);
REPLACE INTO `cscart_images_links` (`pair_id`, `object_id`, `object_type`, `image_id`, `detailed_id`, `type`, `position`) VALUES (1220,24,'logos',3202,0,'M',0);
REPLACE INTO `cscart_images_links` (`pair_id`, `object_id`, `object_type`, `image_id`, `detailed_id`, `type`, `position`) VALUES (1221,25,'logos',3203,0,'M',0);
REPLACE INTO `cscart_images_links` (`pair_id`, `object_id`, `object_type`, `image_id`, `detailed_id`, `type`, `position`) VALUES (1222,26,'logos',3204,0,'M',0);
REPLACE INTO `cscart_images_links` (`pair_id`, `object_id`, `object_type`, `image_id`, `detailed_id`, `type`, `position`) VALUES (1223,27,'logos',3205,0,'M',0);
REPLACE INTO `cscart_images_links` (`pair_id`, `object_id`, `object_type`, `image_id`, `detailed_id`, `type`, `position`) VALUES (1224,0,'logos',3206,0,'M',0);
REPLACE INTO `cscart_images_links` (`pair_id`, `object_id`, `object_type`, `image_id`, `detailed_id`, `type`, `position`) VALUES (1225,28,'logos',3207,0,'M',0);
REPLACE INTO `cscart_images_links` (`pair_id`, `object_id`, `object_type`, `image_id`, `detailed_id`, `type`, `position`) VALUES (1226,29,'logos',3208,0,'M',0);
REPLACE INTO `cscart_images_links` (`pair_id`, `object_id`, `object_type`, `image_id`, `detailed_id`, `type`, `position`) VALUES (1227,30,'logos',3209,0,'M',0);
REPLACE INTO `cscart_images_links` (`pair_id`, `object_id`, `object_type`, `image_id`, `detailed_id`, `type`, `position`) VALUES (1228,31,'logos',3210,0,'M',0);
REPLACE INTO `cscart_images_links` (`pair_id`, `object_id`, `object_type`, `image_id`, `detailed_id`, `type`, `position`) VALUES (1229,32,'logos',3211,0,'M',0);
REPLACE INTO `cscart_images_links` (`pair_id`, `object_id`, `object_type`, `image_id`, `detailed_id`, `type`, `position`) VALUES (1230,33,'logos',3212,0,'M',0);
REPLACE INTO `cscart_images_links` (`pair_id`, `object_id`, `object_type`, `image_id`, `detailed_id`, `type`, `position`) VALUES (1231,34,'logos',3213,0,'M',0);
REPLACE INTO `cscart_images_links` (`pair_id`, `object_id`, `object_type`, `image_id`, `detailed_id`, `type`, `position`) VALUES (1232,35,'logos',3214,0,'M',0);
REPLACE INTO `cscart_images_links` (`pair_id`, `object_id`, `object_type`, `image_id`, `detailed_id`, `type`, `position`) VALUES (1233,36,'logos',3215,0,'M',0);
REPLACE INTO `cscart_images_links` (`pair_id`, `object_id`, `object_type`, `image_id`, `detailed_id`, `type`, `position`) VALUES (1234,37,'logos',3216,0,'M',0);
REPLACE INTO `cscart_images_links` (`pair_id`, `object_id`, `object_type`, `image_id`, `detailed_id`, `type`, `position`) VALUES (6289,38,'logos',8271,0,'M',0);
REPLACE INTO `cscart_images_links` (`pair_id`, `object_id`, `object_type`, `image_id`, `detailed_id`, `type`, `position`) VALUES (6290,39,'logos',8272,0,'M',0);
REPLACE INTO `cscart_images_links` (`pair_id`, `object_id`, `object_type`, `image_id`, `detailed_id`, `type`, `position`) VALUES (6291,40,'logos',8273,0,'M',0);
REPLACE INTO `cscart_images_links` (`pair_id`, `object_id`, `object_type`, `image_id`, `detailed_id`, `type`, `position`) VALUES (6292,41,'logos',8274,0,'M',0);
REPLACE INTO `cscart_images_links` (`pair_id`, `object_id`, `object_type`, `image_id`, `detailed_id`, `type`, `position`) VALUES (6293,42,'logos',8275,0,'M',0);
REPLACE INTO `cscart_images_links` (`pair_id`, `object_id`, `object_type`, `image_id`, `detailed_id`, `type`, `position`) VALUES (6294,43,'logos',8276,0,'M',0);